slug,name_a,name_b,teardown_slug_a,teardown_slug_b,url_a,url_b,category,one_line,tldr,best_for_a,best_for_b,pick_a_if,pick_b_if,dimension_count,honest_take,for_indie_founders_pick,for_indie_founders_reasoning,tags,last_verified,canonical_url,markdown_url
tally-vs-typeform,Tally,Typeform,tally,,https://tally.so/,https://www.typeform.com/,Forms and surveys,Tally vs Typeform is a structural pricing fight. Typeform built the category; Tally rebuilt it without the per-submission paywall.,"Typeform invented the conversational form category and prices on response volume. Tally rebuilt the same UX with free-forever unlimited responses and monetizes on white-label and advanced logic. For an indie founder who values one fewer per-unit-priced subscription, Tally is the easy pick; for an enterprise that needs Typeform's deep integration ecosystem, Typeform is.","Indie founders, creators, and small teams who refuse per-submission paywalls and prefer a free-forever plan that is genuinely production-grade.","Mid-market and enterprise teams that need Typeform's mature integration ecosystem, advanced logic, and brand recognition with respondents.","You ship forms that may collect thousands of responses and per-submission pricing is a budget blocker.|You want a clean modern UX without paying for the category-creator brand premium.|You are an indie founder who values structural promises (free forever, unlimited) over feature theater.","Your stakeholders recognize Typeform as a default and you need to ship a form without justifying the tool choice.|You need Typeform's deep ecosystem of integrations, Zapier and Hubspot bindings, and enterprise SSO.|Brand polish and Typeform's specific conversational micro-interactions are central to the form experience your audience expects.",8,"Tally and Typeform sit in the same category but at different points on the same trade-off curve. Typeform built the category, owns the brand recognition, and prices to match — which works for buyers who treat forms as a marketing surface and have a budget to justify. Tally rebuilt the same category without the per-submission paywall and won the indie founder who refuses to pay per response. The honest verdict for most reasonable buyers in 2026 is that Tally is the better default and Typeform is the right pick when the specific brand or integration depth matters more than the budget.",A,Tally's free-forever unlimited model removes the single biggest pricing-page objection in the category for an indie founder. Typeform is excellent but priced for a buyer with a budget line for marketing tools — most pre-revenue indie SaaS do not have that line.,forms|category-anchor|freemium|indie-friendly,2026-05-17,https://unlocksaas.com/vs/tally-vs-typeform,https://unlocksaas.com/vs/tally-vs-typeform/md
lemonsqueezy-vs-paddle,Lemon Squeezy,Paddle,lemonsqueezy,,https://www.lemonsqueezy.com/,https://www.paddle.com/,Payments and Merchant of Record,Lemon Squeezy and Paddle both sell MoR. Lemon Squeezy is indie-shaped; Paddle is mid-market-shaped.,"Both Lemon Squeezy and Paddle act as Merchant of Record, absorbing global tax compliance for SaaS and digital products. Lemon Squeezy positions for indie founders with simple percentage pricing and self-serve onboarding; Paddle targets mid-market with more enterprise features, longer sales cycles, and volume-negotiated rates. Indie founders almost always pick Lemon Squeezy; SaaS doing $1M+ ARR often migrate to Paddle for the rate.","Indie founders, solo SaaS operators, and small teams selling digital products globally who want self-serve onboarding.","Mid-market SaaS doing $1M+ ARR who can negotiate rates and want enterprise features (recurring billing depth, retention tooling, sales-led contracts).",You are pre-revenue or early-stage and need to ship payments without a sales call.|You value branding personality and indie-friendly product design over enterprise gravitas.|Your volume is low enough that the headline percentage rate is not material to your P&L.,"You are doing $1M+ ARR and can negotiate Paddle's published rate down meaningfully.|You need deeper subscription billing features (revenue retention, dunning, advanced tax automation).|You sell to enterprise customers who need invoicing, POs, and longer contract cycles.",7,"Lemon Squeezy and Paddle sell the same product category (Merchant of Record for digital products) at the same headline rate but to different buyer shapes. Lemon Squeezy won the indie founder mind-share by leading with playful design, self-serve onboarding, and no enterprise gating. Paddle held the mid-market by going deeper on subscription billing, dunning, and retention tooling — and by being willing to negotiate the rate down for volume. The right pick depends almost entirely on stage: pre-revenue and early-stage go Lemon Squeezy because the buying experience matches; $1M+ ARR often migrates to Paddle for the negotiated rate.",A,"Lemon Squeezy is built for the indie buyer. Self-serve onboarding, monthly-friendly billing, no minimum volume, no sales call. Paddle is excellent at what it does but the buying experience is calibrated for a different customer.",payments|mor|indie-friendly|subscription-billing,2026-05-17,https://unlocksaas.com/vs/lemonsqueezy-vs-paddle,https://unlocksaas.com/vs/lemonsqueezy-vs-paddle/md
notion-vs-coda,Notion,Coda,notion,,https://www.notion.so/,https://coda.io/,Workspace and productivity,Notion is a notes-first canvas with database superpowers; Coda is a database-first canvas with notes superpowers. The starting shape determines who wins for your team.,"Notion and Coda look superficially similar but inverted in starting shape: Notion is notes-first with databases bolted in; Coda is a powerful relational database with documents wrapped around it. Notion wins for teams whose primary need is shared docs and wikis. Coda wins for teams whose primary need is a no-code app with structured data and formulas. For most indie teams, Notion is the safer default; for ops-heavy teams, Coda earns its complexity.","Teams whose primary workspace need is notes, docs, wikis, and lightly-structured project management.","Ops-heavy teams that need a relational data layer, formulas, automations, and document-shaped no-code apps.","Your team's daily use is reading and writing documents, not querying or transforming data.|You value the largest community, template library, and integration ecosystem in the category.|You want a tool everyone on the team can learn in under an hour.","You need a database with proper formulas, cross-table references, and a calculation layer Notion does not provide.|You want to build internal no-code apps inside your documents rather than buying a separate tool.|Your team includes someone willing to invest in the steeper Coda learning curve to unlock the power.",9,"The Notion vs Coda decision is mostly a question of what your team does most. If your team writes docs and wants databases as a side capability, Notion wins on ecosystem, learning curve, and category-default familiarity. If your team builds internal tools and wants documents as a wrapper around real data and formulas, Coda earns its complexity. The mistake most teams make is picking based on power demos: Coda's formulas look impressive, but if no one on the team will write them, the power is theoretical and Notion's simpler shape converts to more actual value. Match the tool to the dominant use case, not to the most exciting demo.",A,"Notion is the safer default for indie founders. The team starts smaller, the use cases lean toward docs and wikis, and the community-driven template economy means you can find a starting point for almost any setup. Coda is better when ops complexity is the dominant pain, which usually shows up later in the company life cycle.",productivity|workspace|no-code|team-tools,2026-05-17,https://unlocksaas.com/vs/notion-vs-coda,https://unlocksaas.com/vs/notion-vs-coda/md
linear-vs-jira,Linear,Jira,linear,,https://linear.app/,https://www.atlassian.com/software/jira,Project management for software teams,Linear is what you pick because you want to ship. Jira is what you inherit because the company already runs on it.,"Linear and Jira occupy the same category (issue tracking for software teams) at opposite ends of the speed-versus-configurability axis. Linear is opinionated, fast, and designed for high-velocity product teams; Jira is configurable, deeply integrated with the Atlassian suite, and the default at most enterprises. For new teams choosing freely, Linear wins. For teams inside an Atlassian-committed org, Jira is the inherited reality.",Modern software teams from startup to scale-up who choose tooling freely and prioritize velocity.,"Enterprises already running on Atlassian (Confluence, Bitbucket, Trello) where Jira integration is the dominant factor.",You are a new team picking your stack from scratch and value speed over configurability.|Your team has rejected Jira before and wants a tool that does not require a Jira admin to maintain.|You ship at high velocity and need the issue tracker to be invisible most of the time.,"Your org is Atlassian-committed and Jira's integration with Confluence, Bitbucket, or the Jira marketplace is structural.|You need granular workflow customization, approval gates, or regulatory features Jira's depth provides.|Your team includes non-engineering stakeholders (PMs, finance, ops) who have learned Jira and would resist a switch.",8,"Linear and Jira are not really competing in the same fight. Linear competes for the team that gets to choose; Jira occupies the enterprise that inherited it. When the choice is genuinely open, Linear wins on speed, defaults, and admin cost — the differentiation is real and the team feels it daily. When the choice is constrained by an Atlassian-committed org, Jira's deep configurability and integration ecosystem are the right pick because fighting the constraint costs more than the speed-and-defaults win is worth. The honest verdict is that most modern software teams should pick Linear if they can and Jira if they cannot.",A,"Linear is built for the indie or startup engineering team. No admin overhead, free tier covers early-stage scope, and the opinionated defaults map to how indie teams already work. Jira's depth is wasted at indie scale and the admin cost is a real productivity tax.",project-management|developer-tools|speed|enterprise-vs-startup,2026-05-17,https://unlocksaas.com/vs/linear-vs-jira,https://unlocksaas.com/vs/linear-vs-jira/md
figma-vs-sketch,Figma,Sketch,figma,,https://www.figma.com/,https://www.sketch.com/,Design and prototyping,Figma won the design tool fight by making collaboration native and the browser the canvas. Sketch is the polished native-Mac legacy that has not been able to catch up.,"Figma and Sketch were once the two main contenders for product design tooling. Figma's browser-native collaboration changed the category permanently; Sketch's Mac-only legacy and weaker collaboration model lost the network battle. For new teams, Figma is the default. Sketch retains value for solo designers and Mac-committed studios that prefer native-app polish, but the category has effectively moved.","Modern product design teams that collaborate across designers, developers, PMs, and clients in real time.",Solo designers and Mac-committed studios that prefer native-app polish and do not need real-time collaboration.,"You collaborate with developers, PMs, or clients who need to view or comment on designs.|Your team includes anyone on Windows or Linux.|You want the largest design-systems community, plugin ecosystem, and FigJam whiteboarding integration.",You are a solo designer or small Mac-only studio that values native-app responsiveness over browser collaboration.|Your workflow depends on specific Sketch plugins that have no Figma equivalent.|You strongly prefer file-based workflows over real-time multiplayer.,8,"Figma and Sketch is a category fight that effectively ended around 2020 but the loser still has loyal users. Figma's browser-native collaboration changed the unit economics of design — designers, developers, PMs, and clients could all sit in the same file without anyone leaving their platform — and the network effects compounded. Sketch responded with Sketch Cloud and collaboration improvements but never caught up. The honest verdict for new teams in 2026 is Figma by default. Sketch retains value for solo Mac-only designers and Mac-committed studios that prefer native-app polish, but the broader category has moved.",A,"Figma is the right call for any indie founder who collaborates with developers or contractors. The viewer-free model means everyone can see the design at no cost, the browser canvas works on every platform, and the design-systems community produces templates that compress your design work meaningfully.",design|collaboration|browser-native|category-winner,2026-05-17,https://unlocksaas.com/vs/figma-vs-sketch,https://unlocksaas.com/vs/figma-vs-sketch/md
vercel-vs-netlify,Vercel,Netlify,vercel,,https://vercel.com/,https://www.netlify.com/,Frontend cloud and hosting,Vercel and Netlify pioneered the JAMstack hosting category together. Vercel pulled ahead by going deep on Next.js; Netlify retained breadth across frameworks.,"Vercel and Netlify built the modern frontend hosting category in parallel. Vercel went vertically deep on Next.js, becoming the canonical platform for that framework; Netlify stayed horizontally broad, supporting Hugo, Eleventy, Gatsby, Astro, Next.js, and others at parity. For Next.js teams, Vercel is the obvious pick. For framework-agnostic teams or those on other static generators, Netlify is a reasonable alternative; for everyone else, Vercel's polish and ecosystem have pulled the category center toward them.","Next.js teams, React-heavy SaaS, and teams that value depth-first ecosystem integration.","Framework-agnostic teams, JAMstack workflows on Hugo or Astro, and teams that prefer Netlify's identity (forms, auth, functions) bundling.","You ship Next.js. Vercel's depth here is real and the integration tightness compounds.|You want the latest React-ecosystem features (Server Components, Cache Components, partial prerendering) supported on day one.|You value the AI SDK, AI Gateway, and Vercel's broader AI tooling integration.","You ship Hugo, Eleventy, Astro, Gatsby, or a non-Next React app and want first-class support without Next-tilted defaults.|You use Netlify Identity, Netlify Forms, or Netlify Functions and value that integrated bundle.|You want a hosting provider that is not Vercel for portfolio-diversification reasons.",9,"Vercel and Netlify started as parallel pioneers of the JAMstack hosting category and were nearly interchangeable until around 2021. The divergence came when Vercel pulled developer mindshare by going vertically deep on Next.js — acquiring the framework, shipping features on day one, and bundling adjacent products (AI SDK, AI Gateway, databases via Marketplace) around the Next-and-React stack. Netlify retained horizontal breadth and continues to serve framework-agnostic teams well, particularly those on Hugo, Astro, or Eleventy. For most new teams in 2026 building React-centric SaaS, Vercel is the default. Netlify is the right pick when the team has explicit reasons to prefer it (framework agnosticism, integrated identity, free-tier commercial use).",depends,"If you ship Next.js, Vercel. If you ship a non-React framework or you need free-tier commercial use because you are pre-revenue and intend to monetize, Netlify is meaningfully better on the commercial-use question. The choice maps cleanly to your framework and stage rather than to general preference.",hosting|developer-tools|nextjs|jamstack,2026-05-17,https://unlocksaas.com/vs/vercel-vs-netlify,https://unlocksaas.com/vs/vercel-vs-netlify/md
beehiiv-vs-substack,Beehiiv,Substack,beehiiv,substack,https://www.beehiiv.com/,https://substack.com/,Newsletter platform,Beehiiv treats your newsletter as a business; Substack treats your newsletter as a publication. The right pick depends on which one is true for you.,"Beehiiv and Substack both publish newsletters but with inverted philosophies. Substack is a content-first, network-effect publication platform that owns the discovery layer (the Substack network). Beehiiv is a creator-business-first platform that gives the creator the monetization stack (ads, paid subs, referrals, Boost) without taking discovery rents. Pick Substack to ride the network; pick Beehiiv to own the business.","Creators treating the newsletter as a business with multiple revenue streams, who want ad network access, referral mechanics, and a Boost cross-promotion network.","Writers prioritizing publication and discovery via the Substack network, who value the readership graph effects over owning the monetization stack.","You want to monetize via ads, paid subscriptions, and cross-promotion without giving up discovery rents.|You treat the newsletter as a startup, not as a writing practice.|You want subscriber-tiered pricing that scales with your audience rather than a percentage rake.","You value the Substack network and the cross-discovery from other Substack publications.|You are a writer-first creator who treats the platform as a publication tool, not a business stack.|You want the simplest possible operation: write, publish, take a single percentage rake on paid subs.",8,"Beehiiv and Substack are the same product category at opposite philosophical poles. Substack is a content network: you publish, the network helps you grow, and Substack takes a percentage rake on paid subscriptions. Beehiiv is a creator-business platform: you pay a subscription, you own the business stack (ads, paid subs, referrals, Boost), and there is no rake. The right pick depends on whether you value the network or the ownership. For writers building a publication, Substack's network is genuine leverage. For operators building a media business, Beehiiv's no-rake model and monetization stack compound into more long-term value.",A,"Indie founders building a newsletter as a business should pick Beehiiv. The no-rake monetization model, the ad network, and the Boost network all favor the operator who is treating the newsletter as a startup. Substack's discovery advantage is real for writers, but for an indie SaaS founder using the newsletter as a top-of-funnel for the SaaS product, owning the monetization stack matters more than borrowing the Substack network.",newsletter|creator-tools|monetization|network-effects,2026-05-17,https://unlocksaas.com/vs/beehiiv-vs-substack,https://unlocksaas.com/vs/beehiiv-vs-substack/md
cal-com-vs-calendly,Cal.com,Calendly,cal-com,,https://cal.com/,https://calendly.com/,Scheduling,Calendly built the scheduling category as a closed SaaS. Cal.com is the open-source rebuild positioned on principle and extensibility.,"Calendly and Cal.com offer near-identical scheduling functionality. Calendly is the closed-SaaS category default with the largest brand and integration ecosystem; Cal.com is the open-source alternative with self-host option, extensibility, and identical UX. For most users the functional choice is a coin flip; the meaningful choice is whether you value Calendly's polish and ecosystem or Cal.com's openness and principled positioning.","Developers, agencies, and principled buyers who value open source, self-hosting, or extensibility beyond Calendly's integration ecosystem.","Buyers prioritizing brand recognition, mature integration ecosystem, and the largest community of users familiar with the product.","You value open-source software for principle or extensibility reasons.|You want the option to self-host for privacy, control, or cost reasons.|You need to embed scheduling deeply into your own product and benefit from open access to the source.","Your scheduling needs are standard and you value Calendly's brand recognition with your booking recipients.|You need Calendly's specific deep integrations (Salesforce, Hubspot, Marketo) that Cal.com has not yet matched.|You prefer the polish and stability of a mature closed-SaaS product over an open-source project's faster but more variable release cadence.",8,"Cal.com and Calendly are functionally equivalent for the standard scheduling use case — round-robin, collective events, integrations with Google Calendar, Zoom, and the rest. The choice is mostly about values rather than features. Calendly wins on brand recognition and the maturity of its enterprise integration ecosystem. Cal.com wins on open-source principle, self-host availability, and a more generous free tier. For a buyer who does not care about either side of that split, the functional choice is a coin flip and Calendly's brand familiarity often wins by default. For a buyer who values openness or self-host, Cal.com is the clear pick.",A,"Cal.com's free hosted tier is more generous than Calendly's, the self-host option is a useful escape hatch if subscription costs become a concern, and the open-source positioning aligns with the indie founder community. For most indie founders, Cal.com is the better default; Calendly's brand and integration advantages mostly serve enterprise buyers.",scheduling|open-source|alternative-to|developer-tools,2026-05-17,https://unlocksaas.com/vs/cal-com-vs-calendly,https://unlocksaas.com/vs/cal-com-vs-calendly/md
resend-vs-sendgrid,Resend,SendGrid,resend,,https://resend.com/,https://sendgrid.com/,Email API,Resend is what developers pick when they choose freely. SendGrid is what companies inherit and quietly resent.,"Resend and SendGrid both ship transactional email but with inverted product philosophies. Resend is a modern developer-first API with clean docs, React Email integration, and a generous free tier. SendGrid is the legacy enterprise platform with deeper deliverability infrastructure, more compliance features, and a clunkier UX. For new projects, Resend is the obvious pick. For organizations with deep SendGrid integration or compliance needs that justify it, SendGrid remains the inherited reality.","Indie founders, startups, and developer-led teams shipping new projects or actively replacing legacy email infrastructure.","Enterprises with deep existing SendGrid integration, very high-volume senders, or specific compliance and deliverability needs.",You are starting a new project and want the cleanest possible API and developer experience.|You use React and want first-class React Email integration for building email templates.|You want a generous free tier (3K/mo) that covers most indie SaaS in production.,"You already run on SendGrid and the migration cost exceeds the developer-experience benefit.|You send at very high volume and need SendGrid's mature scale infrastructure and dedicated IP pool.|You have specific compliance requirements (HIPAA, FedRAMP, certain ISO certifications) that Resend has not yet certified.",8,"Resend and SendGrid are the same product category at opposite ends of the modern-vs-legacy axis. Resend wins on developer experience by a wide margin — the API is cleaner, the docs are tighter, React Email integration is first-class, and the free tier is generous enough to ship production indie SaaS on. SendGrid wins on enterprise compliance and very high-volume infrastructure that few indie SaaS will ever need. For new projects in 2026, Resend is the strict upgrade. For organizations on SendGrid, the migration is mechanical but the inertia is real and the right call depends on how much the developer-experience friction is costing.",A,"Resend is the right choice for indie SaaS founders. The free tier is production-grade, the API is clean enough to integrate in an afternoon, React Email lets you build templates in components rather than HTML strings, and the brand momentum signals that the platform will keep improving. SendGrid is excellent at enterprise scale but the developer experience is calibrated for a different buyer.",email|developer-tools|transactional-email|developer-experience,2026-05-17,https://unlocksaas.com/vs/resend-vs-sendgrid,https://unlocksaas.com/vs/resend-vs-sendgrid/md
stripe-vs-paypal,Stripe,PayPal,stripe,,https://stripe.com/,https://www.paypal.com/,Payments processing,Stripe is what you integrate. PayPal is what you accept because some customers demand it.,"Stripe and PayPal serve overlapping but different jobs. Stripe is a developer-first payment infrastructure that integrates into your product as the primary checkout. PayPal is a consumer-facing brand that some buyers actively prefer and others actively require. For most modern SaaS, the right answer is Stripe as primary plus PayPal as a secondary option, not Stripe versus PayPal as either-or.","Modern SaaS, developer-built products, and any business where checkout is integrated into the product surface.","Businesses serving customers who prefer or require PayPal as a payment method (international consumers, certain demographics, certain countries).","You are building or integrating a custom checkout into your product.|Your buyer evaluates payment processors on developer experience and API quality.|You want a single platform that handles cards, wallets, subscriptions, marketplaces, and global payments.","Your customers actively demand PayPal as a payment method (common in some demographics and regions).|You sell to international consumers who trust PayPal's buyer protection more than direct card payment.|Your business model fits PayPal's specific tooling (PayPal Working Capital, certain niche features).",8,"Stripe and PayPal is rarely an either-or question for modern SaaS. The right architecture for most businesses is Stripe as the primary checkout (developer experience, subscription billing, marketplace tooling, global infrastructure) plus PayPal as a secondary payment method for customers who actively prefer or require it. PayPal-only businesses still exist but are increasingly rare for new SaaS; Stripe-only is fine until a customer cohort starts asking for PayPal. The Brunson framing: Stripe is the modern vehicle for payments; PayPal is the entrenched alternative payment method that some buyer segments require.",A,Start with Stripe. Add PayPal later only if customer demand justifies the additional integration. Most indie SaaS never need PayPal; the integration cost and operational overhead only earn back when a specific buyer segment requires it.,payments|consumer-brand|developer-tools|complementary,2026-05-17,https://unlocksaas.com/vs/stripe-vs-paypal,https://unlocksaas.com/vs/stripe-vs-paypal/md
tally-vs-google-forms,Tally,Google Forms,tally,,https://tally.so/,https://forms.google.com/,Forms and surveys,"Tally and Google Forms are both free, but free-as-in-Google-product-strategy is a different thing than free-as-in-business-model.","Tally and Google Forms both offer free form-building, but they sit in different product worlds. Google Forms is a feature of Google Workspace, polished enough but anchored to Google's product priorities, not yours. Tally is a focused indie SaaS where forms ARE the product, and the polish, branding, and integrations reflect that. For most public-facing forms, Tally wins; for internal surveys inside a Google Workspace org, Google Forms is the obvious pick.","Indie founders, creators, and public-facing teams who want polished forms on their own marketing site without per-submission caps or Google branding.","Teams inside Google Workspace running internal surveys, signups, or simple data collection where the Forms-Sheets-Drive integration is the dominant factor.","Your form lives on your public site and you want it to look intentional rather than utilitarian.|You need conditional logic, multi-step flows, calculations, or polished branding.|You value your form data flowing into a SaaS workspace, not a Google Sheet.","You are inside Google Workspace and your form data needs to land in Google Sheets, Drive, or Classroom anyway.|You need the absolute simplest form for internal use and aesthetics do not matter.|Zero-cost is non-negotiable and Google's brand on the form is acceptable.",8,"Tally and Google Forms are both free but not interchangeable. Google Forms is Google's commodity feature in the form space — polished enough, anchored to Google's roadmap priorities, and effectively zero-cost for anyone with a Google account. Tally is a focused indie SaaS where forms are the product, which shows up in the public-facing polish, the logic depth, and the brand-removal upgrade path. For internal Google Workspace surveys, Google Forms wins by default and the comparison is not really competitive. For anything that lives on a public marketing surface, Tally's polish and conditional logic outweigh the brand recognition advantage of Google Forms.",A,"Tally for public-facing forms, every time. The aesthetic gap on the marketing site is too large to ignore, and the logic-and-branding upgrade path on Tally's paid tier matches how most indie SaaS scale. Use Google Forms only for genuine internal-only collection inside a Workspace org.",forms|freemium|indie-friendly|commodity-vs-focused,2026-05-17,https://unlocksaas.com/vs/tally-vs-google-forms,https://unlocksaas.com/vs/tally-vs-google-forms/md
notion-vs-obsidian,Notion,Obsidian,notion,,https://www.notion.so/,https://obsidian.md/,Notes and knowledge management,Notion is a cloud workspace built for teams. Obsidian is a local-first knowledge graph built for one brain.,"Notion and Obsidian look superficially similar but solve different problems. Notion is a cloud-first team workspace with databases, real-time collaboration, and SaaS pricing. Obsidian is a local-first knowledge graph built on plain markdown files, with a free single-user license and optional paid sync. For team knowledge, Notion. For a single brain building a long-term linked knowledge base, Obsidian. They rarely actually compete on the same job.","Teams building shared docs, wikis, project plans, and lightly-structured workflows.","Individual researchers, writers, and knowledge workers building a long-term personal knowledge graph from markdown files they own.","You collaborate with a team and need real-time co-editing.|You want databases, kanban views, and project management tools alongside docs.|You value the polished UX and large template community more than data ownership.","You want your notes as plain markdown files on your own disk, forever.|You build a personal knowledge graph (Zettelkasten, second brain) over years.|You value powerful third-party plugins and local-first software philosophy.",8,"Notion and Obsidian compete in the same broad notes-and-knowledge category but rarely actually replace each other. Notion is the right pick when knowledge is shared across people in a team context. Obsidian is the right pick when knowledge is built by one person over years and the data ownership, local-first philosophy, and graph thinking matter. Many serious knowledge workers run both: Notion for team collaboration and shared wikis, Obsidian for personal research and writing. The choice is almost always about who is using it, not which is better.",A,"Notion for any indie SaaS that has more than one person or expects to. The team-collaboration shape is the immediate need. Add Obsidian later for personal long-term knowledge if that fits your workflow, but do not start with it as a team tool.",notes|knowledge-management|local-first|individual-vs-team,2026-05-17,https://unlocksaas.com/vs/notion-vs-obsidian,https://unlocksaas.com/vs/notion-vs-obsidian/md
linear-vs-asana,Linear,Asana,linear,asana,https://linear.app/,https://asana.com/,Project management,Linear is for engineering teams who hate Jira. Asana is for cross-functional teams who never wanted Jira in the first place.,"Linear and Asana solve different jobs that sometimes look the same. Linear is opinionated issue tracking for software teams; Asana is flexible task and project management for cross-functional teams (marketing, ops, design, sales). For an engineering-only team, Linear is the obvious pick. For teams where engineering, marketing, and ops collaborate on shared work, Asana is the right shape.","Software engineering teams who want fast, opinionated issue tracking calibrated to dev workflows.","Cross-functional teams (marketing, ops, design, engineering) collaborating on shared projects with diverse workflow needs.","Your team is all engineers, or near it.|You value speed, keyboard-first UX, and opinionated defaults over configurability.|Your workflow maps cleanly to issues, cycles, and projects in a software sense.","Your team includes meaningful non-engineering members (marketing, design, ops, sales).|You manage projects with varied workflows that do not all fit the issue-cycle-project model.|You need timeline views, workload balancing, and goal-tracking features Linear does not focus on.",8,"Linear and Asana are not really competing for the same buyer. Linear's audience is software engineering teams who left Jira; Asana's audience is cross-functional teams that never adopted Jira because Jira does not fit their work. The mistake some teams make is picking one without naming who actually uses it. If your team is engineers, Linear wins decisively. If your team mixes engineering with marketing, ops, design, or sales, Asana's flexibility is the right call — even if engineers grumble about the speed. There is no good universal answer; the question is who is the dominant user.",depends,"If you are a solo founder or all-engineer team, Linear by default — speed and opinion match how you work. If you are running a small team across engineering plus marketing plus customer success, Asana is the more honest choice. Picking Linear because it is the cool default and then bolting on workarounds for non-engineering work is a common indie-team mistake.",project-management|team-tools|engineering-vs-crossfunctional,2026-05-17,https://unlocksaas.com/vs/linear-vs-asana,https://unlocksaas.com/vs/linear-vs-asana/md
figma-vs-adobe-xd,Figma,Adobe XD,figma,,https://www.figma.com/,https://www.adobe.com/products/xd.html,Design and prototyping,Adobe XD effectively lost the design tool fight to Figma. The category has moved; XD is now legacy software with declining strategic priority.,"Adobe XD competed with Figma in the modern design tool category through the late 2010s and lost decisively. Adobe attempted to acquire Figma in 2022 (deal blocked by regulators in 2023), implicitly acknowledging the loss. XD remains supported but is no longer the strategic priority at Adobe. For new teams, Figma is the only reasonable pick. XD retains some users in Adobe-committed shops or on specific workflows but should not be considered a forward-looking option.",Any new product design team in 2026. The default.,Existing Adobe Creative Cloud-committed shops on XD-anchored workflows who have not yet migrated.,"You are a new team picking a design tool freely.|You collaborate with developers, PMs, or clients in real time.|You value the largest design-systems community and plugin ecosystem.",You are already committed to Adobe Creative Cloud and XD bundles in your subscription.|Your workflow has historical XD assets that have not been migrated.|You have a specific reason to prefer Adobe's ecosystem integration over the design tool itself.,8,"Adobe XD vs Figma is not really a competitive comparison in 2026. The category fight ended around 2020-2021, and Adobe's failed acquisition attempt in 2022-2023 publicly confirmed the loss. XD remains in Adobe's product portfolio and existing customers continue to use it, but it is no longer the strategic priority and feature velocity has slowed. For any new team picking a design tool, Figma is the strict upgrade. XD survives in Adobe-committed shops where Creative Cloud integration outweighs the design-tool gap, but this is an increasingly narrow use case.",A,"Figma for any indie founder. There is no strategic case for adopting Adobe XD as a new tool in 2026. The category has moved, and the ecosystem advantages (templates, plugins, designer mindshare, developer handoff) all sit with Figma.",design|category-winner|legacy-software|ecosystem,2026-05-17,https://unlocksaas.com/vs/figma-vs-adobe-xd,https://unlocksaas.com/vs/figma-vs-adobe-xd/md
vercel-vs-cloudflare-pages,Vercel,Cloudflare Pages,vercel,,https://vercel.com/,https://pages.cloudflare.com/,Frontend cloud and hosting,Vercel and Cloudflare Pages are both modern frontend hosts. Vercel owns the developer experience tier; Cloudflare owns the global edge.,"Vercel and Cloudflare Pages compete in modern frontend hosting from different angles. Vercel goes deep on developer experience, Next.js integration, and the platform-services stack (AI Gateway, Marketplace, Functions). Cloudflare Pages anchors to Cloudflare's global edge network and bundles its own services (Workers, R2, KV, D1). For Next.js teams and DX-first buyers, Vercel. For teams already inside Cloudflare's ecosystem or optimizing for cost at global scale, Cloudflare Pages.","Next.js teams, DX-first SaaS, and teams that value the polished hosting-plus-platform-services bundle.","Teams already using Cloudflare Workers, R2, KV, or D1; cost-sensitive teams at global scale; teams that prefer Cloudflare's edge-first architecture.","You ship Next.js. Vercel's depth here remains unmatched.|You want the latest React-ecosystem features supported on day one.|You value the Vercel AI SDK, AI Gateway, and platform marketplace.","You are already using Cloudflare Workers, R2, KV, or D1 and want hosting in the same dashboard.|You optimize for global edge performance and cost at scale.|You prefer Cloudflare's pricing structure (no per-user fees, unlimited bandwidth on most plans).",8,"Vercel and Cloudflare Pages are competitive on different axes. Vercel wins on developer experience, Next.js integration, and the polished platform-services experience. Cloudflare Pages wins on cost (especially at scale), global edge performance, and bundled in-house services. For most Next.js teams, the DX advantage of Vercel outweighs the cost advantage of Cloudflare Pages; for non-Next teams or cost-sensitive operators, the calculation flips. The two platforms have been converging in capability; the buyer choice is increasingly about which ecosystem you want to live inside.",depends,"If you ship Next.js and value DX, Vercel. If you are cost-sensitive (especially pre-revenue), already using Cloudflare for DNS or Workers, or building on non-React frameworks, Cloudflare Pages. The commercial-use-permitted free tier on Cloudflare is a real differentiator for indie founders.",hosting|developer-tools|edge-compute|nextjs,2026-05-17,https://unlocksaas.com/vs/vercel-vs-cloudflare-pages,https://unlocksaas.com/vs/vercel-vs-cloudflare-pages/md
beehiiv-vs-kit,Beehiiv,Kit (formerly ConvertKit),beehiiv,,https://www.beehiiv.com/,https://kit.com/,Newsletter and creator email,Beehiiv is a publication-as-business platform. Kit is an email marketing platform for creators. Different shapes of the same business.,"Beehiiv and Kit (formerly ConvertKit) both serve creators monetizing an audience but with different product shapes. Beehiiv is a publication platform — write newsletters, monetize via ads, paid subscriptions, and the Boost network. Kit is an email marketing platform — write broadcasts and sequences, automate funnels, monetize via Kit Commerce or external products. For pure newsletter-as-business, Beehiiv. For broader creator email marketing with automations, Kit.","Newsletter creators treating the publication as a business with ads, paid subs, referrals, and cross-promotion.","Creators who run product launches, paid courses, or ecommerce alongside email, and need deep automation and sequence tooling.","Your primary monetization is paid subscriptions, ads, or cross-promotion through the Boost network.|You think of yourself as a publisher first and an automation operator second.|You want a newsletter-first feature set rather than a generic email marketing tool.","You run product launches, sell digital products, or operate paid courses alongside email.|You need sophisticated automation, segmentation, and visual sequence builders.|You want broader integrations (Teachable, Gumroad, Stripe, payment gateways) baked in.",8,"Beehiiv and Kit serve overlapping creator audiences with different product centers. Beehiiv puts the newsletter at the center and bolts monetization stack around it. Kit puts email marketing at the center and treats newsletters as one use case among broadcasts, courses, and product launches. The right pick depends on what dominant business model you are building. Newsletter-first creators choose Beehiiv. Course creators, product sellers, and creators with a multi-channel business choose Kit. The mistake is picking based on familiarity (everyone has heard of ConvertKit/Kit) without checking which shape your business actually has.",depends,"If you are an indie SaaS founder using a newsletter as a top-of-funnel for a product, Kit is often the better tool because automation depth matters more than newsletter-monetization features. If you are an indie founder where the newsletter IS the product or a major revenue stream, Beehiiv. Match the tool to the dominant use case.",newsletter|creator-tools|email-marketing|monetization,2026-05-17,https://unlocksaas.com/vs/beehiiv-vs-kit,https://unlocksaas.com/vs/beehiiv-vs-kit/md
resend-vs-postmark,Resend,Postmark,resend,,https://resend.com/,https://postmarkapp.com/,Email API,Resend and Postmark both prioritize transactional email and developer experience. Resend is the modern React-tilted upstart; Postmark is the established deliverability-first incumbent.,"Resend and Postmark both target developer-led email senders with a transactional-first product philosophy. Postmark has been the deliverability gold standard for over a decade with separate streams for transactional and broadcast. Resend is newer with a sharper modern aesthetic, React Email integration, and a more generous free tier. For React teams and DX-first buyers, Resend. For teams prioritizing maximum deliverability and a longer track record, Postmark.",Modern SaaS teams shipping with React who value cutting-edge DX and React Email integration.,"Established teams prioritizing deliverability above all else, particularly for high-stakes transactional email.",You build with React and want React Email as a first-class template authoring tool.|You value modern documentation and SDK aesthetics.|You want a generous free tier (3K/mo) that covers indie SaaS in production.,"You prioritize deliverability maximally and want the platform with the strongest track record.|You need separated transactional and broadcast streams (Postmark's structural decision).|You value Postmark's mature support, documentation, and inbox-placement reputation.",8,"Resend and Postmark are both strong picks at the developer-friendly end of the email API category. The decision is mostly about whether you value cutting-edge modern DX (Resend) or the strongest possible deliverability track record (Postmark). Resend has closed most of the deliverability gap that newer platforms typically have, but Postmark's 10+ year reputation gives it an edge for buyers where inbox placement is a stated priority. For most indie SaaS in 2026, the choice is roughly a coin flip; the marginal advantage of React Email integration usually tips Resend.",A,"Resend for indie SaaS in 2026. The free tier is more generous, React Email materially speeds template development, and brand momentum signals a platform that will keep improving. Postmark is excellent but the developer experience is calibrated for a slightly different buyer.",email|developer-tools|deliverability|transactional-email,2026-05-17,https://unlocksaas.com/vs/resend-vs-postmark,https://unlocksaas.com/vs/resend-vs-postmark/md
stripe-vs-square,Stripe,Square,stripe,,https://stripe.com/,https://squareup.com/,Payments processing,Stripe is for selling online. Square is for selling in person. The overlap is smaller than the brand familiarity suggests.,"Stripe and Square both process payments but specialize at opposite ends of the online-to-offline axis. Stripe is the canonical online payment infrastructure for SaaS, marketplaces, and ecommerce. Square is the canonical small-business POS for retail, restaurants, and service businesses with physical operations. Both have crossed into each other's territory (Square has online tooling, Stripe Terminal supports physical payments) but the centers of gravity are distinct.","SaaS, online marketplaces, ecommerce, and any business where the checkout is integrated into a web or mobile product.","Small retail businesses, restaurants, service providers, and any business taking physical-world payments.","You sell online or your checkout is part of a software product.|You need sophisticated subscription billing, marketplaces, or platform payments.|Your buyer is technical or your team builds custom checkout flows.","You sell in person at a physical store, restaurant, market, or service location.|You need integrated POS hardware (card readers, registers, kitchen displays).|You want a turnkey small-business platform (invoicing, payroll, lending) bundled with payments.",8,"Stripe and Square are not really competitive in 2026 the way the brand-familiarity comparison suggests. Stripe owns online; Square owns small-business physical. Both have crossed into each other's territory — Square's online tooling has matured, Stripe Terminal supports physical card readers — but the structural strengths remain on their respective sides. The right pick is almost entirely determined by whether your business is primarily online or primarily physical. Mixed businesses sometimes use both (Stripe for online checkout, Square for in-person POS).",A,"For indie SaaS, Stripe by default — the entire business is online, so Square's strengths do not apply. The only exception is an indie founder running a hybrid business (e.g., a coffee shop or services business with an online component); even then, the SaaS side of the business should use Stripe.",payments|online-vs-offline|developer-tools|small-business,2026-05-17,https://unlocksaas.com/vs/stripe-vs-square,https://unlocksaas.com/vs/stripe-vs-square/md
screen-studio-vs-loom,Screen Studio,Loom,screen-studio,loom,https://www.screen.studio/,https://www.loom.com/,Screen recording,Loom optimizes for fast async communication. Screen Studio optimizes for polished marketing video. They share the file type but solve different jobs.,"Loom and Screen Studio both record screens but for different jobs. Loom is built for fast async team communication — record, share a link, move on. Screen Studio is built for polished marketing videos — auto-zoom, smooth cursor, cinematic export. Loom wins for daily team async. Screen Studio wins for product demos, marketing pages, and any video where the output reflects on the brand.","Indie founders, designers, and marketers producing product demos, tutorial videos, and marketing content.","Teams using async screen recording for fast communication, code review, customer support, and internal updates.","The video will appear on a marketing page, app store listing, or social media where polish matters.|You want auto-zoom and smooth cursor animation without manual editing.|You value one-time pricing over a subscription.","You record async videos multiple times per day for team or customer communication.|You want instant share links, reactions, and viewer analytics.|Speed matters more than cinematic polish for your typical use case.",8,"Loom and Screen Studio do not really compete on the same job. Loom optimizes for the speed of going from 'I need to explain this' to 'here is a link'. Screen Studio optimizes for the polish of the final exported video. They share the format (screen recording) but the workflows and outputs diverge sharply. Most serious indie founders end up using both — Loom for daily async communication, Screen Studio for marketing-page videos and product demos that need to look intentional. Picking one to do both jobs always feels like a compromise.",depends,"Use both. Loom for daily async communication with team, customers, and contractors; Screen Studio for your marketing page video, product demos, and anything that will be seen by your public audience. The one-time Screen Studio license pays for itself on the first marketing video that would otherwise have needed a freelance editor.",video|screen-recording|marketing-tools|async-communication,2026-05-17,https://unlocksaas.com/vs/screen-studio-vs-loom,https://unlocksaas.com/vs/screen-studio-vs-loom/md
mintlify-vs-gitbook,Mintlify,GitBook,mintlify,gitbook,https://mintlify.com/,https://www.gitbook.com/,Developer documentation,Mintlify is a modern docs platform optimized for API and developer-tool companies. GitBook is a broader documentation and knowledge platform.,"Mintlify and GitBook both publish documentation but with different product philosophies. Mintlify is docs-as-code optimized for API companies and developer tools, with a polished aesthetic now common across modern dev-tool docs. GitBook is a broader knowledge platform supporting docs, internal wikis, and team knowledge bases with a richer editor and broader use cases. For developer-tool companies, Mintlify. For broader documentation and internal knowledge, GitBook.","API companies, developer tools, and SDK publishers who want polished docs that match the modern dev-tool aesthetic.","Teams publishing broader documentation, internal wikis, knowledge bases, and team-collaboration content.","You publish API docs or developer-facing technical content.|You value the modern docs aesthetic shared by Anthropic, Stripe, Resend, Cal.com.|You want docs-as-code with Markdown/MDX and Git-based workflows.","You publish broader documentation including internal wikis and team knowledge.|You value a richer WYSIWYG editor for non-technical contributors.|Your audience is mixed (developers plus product, support, sales).",8,"Mintlify and GitBook serve overlapping documentation use cases but with different centers of gravity. Mintlify owns the modern dev-tool docs aesthetic — every visible Mintlify-built docs site reinforces the platform's positioning for the next API company evaluating tooling. GitBook serves a broader documentation universe with more flexibility around contributors and use cases. For pure API documentation, Mintlify's specialization is real and the customer roster reinforces it. For mixed documentation surfaces (public docs plus internal wikis plus knowledge bases), GitBook's breadth is the right fit.",depends,"If you are a dev-tool indie SaaS, Mintlify — the aesthetic match alone is worth the choice, and the visible-customer flywheel works in your favor. If you are publishing broader documentation or want a single platform for public docs and internal knowledge, GitBook. For non-developer-targeted SaaS, the choice matters less; either works.",documentation|developer-tools|knowledge-base|api-docs,2026-05-17,https://unlocksaas.com/vs/mintlify-vs-gitbook,https://unlocksaas.com/vs/mintlify-vs-gitbook/md
plausible-vs-google-analytics,Plausible Analytics,Google Analytics,plausible,,https://plausible.io/,https://analytics.google.com/,Privacy analytics,"Plausible vs Google Analytics is a values fight, not a features fight. Pick on the principle, not the integration list.","Plausible and Google Analytics solve the same job (web analytics) from opposite ends of the privacy-vs-feature axis. GA4 is free, deeply integrated with the Google ad ecosystem, and ad-tracking-funded. Plausible is paid, privacy-first, cookie-free, and customer-funded. For most indie SaaS, Plausible's privacy positioning and simpler interface outweigh GA4's ecosystem depth. For ad-driven businesses optimizing Google Ads spend, GA4 remains the right pick.","Indie SaaS, privacy-leaning teams, EU businesses dealing with GDPR, and operators who reject ad-tech-funded analytics on principle.","Ad-driven businesses, e-commerce optimizing Google Ads, and teams that need deep integration with Google Ad Manager, Search Console, and the Google ad ecosystem.","You want analytics without cookie banners or GDPR consent overhead.|Your business is not dependent on Google Ads optimization.|You value simple, focused analytics over feature breadth you will never use.",You run Google Ads at meaningful scale and need GA4's conversion tracking integration.|You sell e-commerce and need GA4's enhanced ecommerce reports.|Your team already lives in the Google Workspace ecosystem and the integration depth matters.,8,"Plausible and Google Analytics solve the same job from opposite philosophies. GA4 is free because it is part of Google's ad-tech infrastructure; Plausible is paid because it sells the analytics directly. For ad-driven businesses, GA4's ecosystem integration is the structural advantage that keeps it the default. For privacy-leaning indie SaaS, the cost of Plausible is the cost of not feeding into the Google ad ecosystem, and most buyers in that segment find the trade worth it. The honest verdict: choose by values, not by features.",A,"Plausible for indie SaaS. The setup simplicity, GDPR-by-construction compliance, and clean dashboard match how indie founders actually work. GA4 is overkill for most indie use cases and adds compliance overhead that the small ad-attribution gain rarely justifies.",privacy-analytics|values-fight|alternative-to-incumbent|category-anchor,2026-05-17,https://unlocksaas.com/vs/plausible-vs-google-analytics,https://unlocksaas.com/vs/plausible-vs-google-analytics/md
plausible-vs-fathom,Plausible Analytics,Fathom Analytics,plausible,,https://plausible.io/,https://usefathom.com/,Privacy analytics,Plausible vs Fathom is the indie privacy-analytics fight. Both are right answers; the choice is stylistic.,"Plausible and Fathom occupy the same category, the same principles, and the same approximate pricing band. Both are privacy-first, cookie-free, GDPR-by-construction web analytics SaaS run by small indie teams. The functional difference is minor; the choice is about which founders' aesthetic and operational style matches your own.","Buyers who value Plausible's open-source code base, public revenue dashboard, and EU-based team.","Buyers who value Fathom's polished interface, U.S.-based hosting option, and slightly broader feature surface.",You value open-source code as a verifiability principle.|You like the public revenue dashboard as a trust signal.|You prefer the EU-based operator (relevant for some data-residency conversations).,"You prefer Fathom's interface and reporting aesthetic.|You need EU vs U.S. hosting choice for data residency.|You value Fathom's specific feature additions (uptime, events).",8,"Plausible vs Fathom is the rare comparison where both products are genuinely competitive at parity. The functional difference is minor — both deliver cookie-free, GDPR-compliant analytics with clean interfaces at similar prices. The choice usually comes down to aesthetic preference (Plausible's open-source-transparency aesthetic vs Fathom's polished-product aesthetic), geographic preference (EU vs U.S. ops), or specific feature need (uptime monitoring favors Fathom). Either choice is right; neither is wrong.",depends,Try both free trials and pick on aesthetic preference. Neither is meaningfully more 'correct' for indie SaaS. The decision matters less than the decision to leave Google Analytics.,privacy-analytics|indie-saas|parity-fight|values-aligned,2026-05-17,https://unlocksaas.com/vs/plausible-vs-fathom,https://unlocksaas.com/vs/plausible-vs-fathom/md
senja-vs-testimonial-to,Senja,Testimonial.to,senja,,https://senja.io/,https://testimonial.to/,Testimonial collection,"Senja and Testimonial.to are the canonical pair in testimonial-as-marketing SaaS. Pick on workflow shape, not features.","Senja and Testimonial.to both collect and display video and text testimonials for SaaS marketing surfaces. The feature sets converge on the same job; the differences are workflow shape (Senja leans collection-first, Testimonial.to leans display-first), pricing structure, and brand aesthetic. For most indie SaaS, either works; the choice is which workflow feels native.","Indie SaaS, agencies, and creators who think of testimonials as an ongoing collection pipeline with widgets as the output.",Indie SaaS that want a polished Wall of Love and embedded video testimonials with a slightly more designed display surface.,You want a unified collection-to-display pipeline with strong form customization.|You value Senja's brand-removal-trigger pricing model.|Your workflow includes ongoing testimonial requests rather than periodic batch collection.,You value Testimonial.to's polished Wall of Love aesthetics out of the box.|You want video testimonials with native AI-assisted editing and highlights.|You prefer Testimonial.to's pricing structure (different tier shape).,7,"Senja and Testimonial.to compete on the same job (testimonial collection and display for SaaS marketing) and have converged on similar feature sets. Senja's edge is collection workflow and integration breadth; Testimonial.to's edge is display aesthetics and video-focused features. For most indie SaaS the choice is roughly a coin flip — try both free tiers, see which workflow feels native, commit. The structural product decision (use a dedicated testimonial SaaS rather than building it yourself) matters more than the choice between these two.",depends,"Both are viable. Senja leans collection-first; Testimonial.to leans display-first. If you have testimonials and need them displayed beautifully, Testimonial.to. If you need to collect them at scale and manage the pipeline, Senja. Most indie SaaS need both; pick the one whose primary surface matches your bigger pain.",testimonials|social-proof|indie-saas|parity-fight,2026-05-17,https://unlocksaas.com/vs/senja-vs-testimonial-to,https://unlocksaas.com/vs/senja-vs-testimonial-to/md
polar-vs-gumroad,Polar,Gumroad,polar,,https://polar.sh/,https://gumroad.com/,Creator monetization,"Polar serves the open-source maintainer. Gumroad serves the digital-product creator. Same payment plumbing, different identities.","Polar and Gumroad both let creators sell digital products globally with MoR-like services bundled, but they target different identities. Gumroad is for digital-product creators (ebooks, courses, music, art) with a long history in that segment. Polar is for open-source maintainers and developers with GitHub-native integration and a more developer-friendly product. For maintainers and indie developers, Polar. For creators selling courses, ebooks, or art, Gumroad.","Open-source maintainers, indie developers, and creators with technical audiences who want GitHub-native monetization.","Digital-product creators (course makers, ebook authors, musicians, artists) who want a turnkey storefront with broad reach.","You maintain an open-source project and want sponsorships, subscriptions, and licensing integrated with GitHub.|You sell developer-targeted products (templates, plugins, SaaS sponsorships) where the buyer is a developer.|You value the no-monthly-base, pure-percentage pricing model.","You sell courses, ebooks, art, music, or other creator-economy digital products to non-technical buyers.|You want Gumroad's storefront and discovery features within the Gumroad marketplace.|Your audience is broader creator-economy rather than developer-specific.",8,"Polar and Gumroad sit in adjacent corners of the creator-monetization category. Gumroad has the longer history and broader category fit (everything from ebooks to music to art); Polar has the deeper developer integration and lower transaction rate. The choice is really about who your audience is — developer-buyer or general-creator-buyer. Both work; pick by audience match. For maintainers monetizing open-source work, Polar is the clear pick; for creators selling courses or ebooks to a broad audience, Gumroad's marketplace and category fit dominate.",depends,"If your product is developer-targeted (templates, plugins, code, SaaS), Polar — lower rate and GitHub-native integration both compound for developer audiences. If your product is a course, ebook, or creator-economy digital good for a non-technical audience, Gumroad — the marketplace and category fit outweigh the rate gap.",creator-monetization|developer-tools|marketplace|different-audiences,2026-05-17,https://unlocksaas.com/vs/polar-vs-gumroad,https://unlocksaas.com/vs/polar-vs-gumroad/md
polar-vs-lemonsqueezy,Polar,Lemon Squeezy,polar,lemonsqueezy,https://polar.sh/,https://www.lemonsqueezy.com/,Creator monetization and Merchant of Record,Polar and Lemon Squeezy both offer MoR plus creator-friendly tooling. Polar targets maintainers; Lemon Squeezy targets indie SaaS.,"Polar and Lemon Squeezy both serve creators wanting MoR-bundled monetization but with different specializations. Polar leans toward open-source maintainers with GitHub-native integration and lower per-transaction fees. Lemon Squeezy leans toward indie SaaS and digital-product founders with broader feature surface and Stripe acquisition. For maintainers, Polar; for indie SaaS, Lemon Squeezy.",Open-source maintainers and developer-targeted product creators.,"Indie SaaS founders, digital-product sellers, and creators selling globally who need broader feature surface.",You maintain open-source software and want GitHub-native sponsorship and licensing.|Your audience is developer-buyer.|You value the lowest per-transaction rate among MoR providers.,"You build indie SaaS and want a more general-purpose MoR platform.|You sell digital products to non-developer audiences.|You value the broader feature set (Stripe-backed billing tooling, subscription depth, multi-product storefronts).",8,"Polar and Lemon Squeezy are not direct competitors despite the surface similarity. They both offer MoR-bundled monetization but with deliberately different audience focus. Polar specializes in open-source maintainers with GitHub-native tooling and a lower transaction rate; Lemon Squeezy serves indie SaaS and digital-product creators with a broader feature surface and Stripe-acquired stability. For maintainers, Polar is the obvious pick; for indie SaaS founders, Lemon Squeezy is the broader-feature default. Some creators use both for different products in their portfolio.",depends,"If your product is open-source-adjacent or you sell to developers, Polar. If you build indie SaaS or sell to a broader digital-product audience, Lemon Squeezy. The decision maps to audience shape, not to feature gap.",mor|creator-monetization|cross-manifest|different-audiences,2026-05-17,https://unlocksaas.com/vs/polar-vs-lemonsqueezy,https://unlocksaas.com/vs/polar-vs-lemonsqueezy/md
mintlify-vs-readme,Mintlify,ReadMe,mintlify,,https://mintlify.com/,https://readme.com/,Developer documentation,Mintlify is the modern challenger. ReadMe is the established API-docs platform with metering and developer-onboarding tooling.,"Mintlify and ReadMe both serve API and developer-tool documentation but at different stages of category maturity. Mintlify is the modern docs-as-code challenger with a recognizable aesthetic and a growing customer roster. ReadMe is the older, more enterprise-shaped platform with deep API metering, developer hub features, and a longer track record at scale. For new API docs in 2026, Mintlify is the default; for enterprise API platforms with deep metering needs, ReadMe retains advantages.",Modern API and developer-tool companies that want the recognizable Mintlify aesthetic and docs-as-code workflow.,"Enterprise API platforms that need API metering, developer hub features, and a longer-established platform.","You want the modern docs aesthetic that matches Anthropic, Resend, Cursor.|You prefer docs-as-code with Markdown/MDX and Git workflows.|You are an indie SaaS or developer-tool company building fresh docs.","You need API metering, key management, and developer hub features bundled with docs.|Your customer is enterprise and the docs platform is part of a broader developer-experience procurement.|You value ReadMe's longer track record and more mature feature set.",8,"Mintlify and ReadMe both serve API documentation but at different points on the modernity-vs-maturity axis. Mintlify is the modern challenger with a distinctive aesthetic and a growing customer roster of well-known dev-tool companies. ReadMe is the established platform with deeper API-metering and developer-hub tooling that serves enterprise customers well. For new docs sites in 2026, Mintlify's aesthetic and momentum make it the default; for enterprise API platforms with specific metering and onboarding needs, ReadMe retains structural advantages.",A,Mintlify for indie SaaS dev-tool docs. The aesthetic match alone — every visible Mintlify docs site reinforces the category positioning — is worth the choice. ReadMe is excellent but the enterprise gravitas is not what an indie SaaS needs at this stage.,documentation|developer-tools|api-docs|modern-vs-mature,2026-05-17,https://unlocksaas.com/vs/mintlify-vs-readme,https://unlocksaas.com/vs/mintlify-vs-readme/md
screen-studio-vs-tella,Screen Studio,Tella,screen-studio,tella,https://www.screen.studio/,https://www.tella.tv/,Screen recording for marketing video,"Screen Studio is a one-time license desktop app. Tella is a browser-based subscription SaaS. Same category, opposite product shapes.","Screen Studio and Tella both produce polished screen recordings for marketing video, but with opposite product shapes. Screen Studio is a macOS desktop app sold as a one-time license at premium price. Tella is a browser-based SaaS with subscription pricing and team collaboration features. For solo operators producing periodic marketing videos, Screen Studio. For teams producing video continuously with collaboration needs, Tella.","Solo operators, designers, and marketers on macOS who produce marketing videos periodically and prefer one-time licenses.","Teams and SaaS sales operators producing async sales pitches, demos, and marketing videos continuously with collaboration features.",You produce marketing videos periodically rather than continuously.|You are on macOS and value native-app responsiveness.|You prefer one-time licenses over subscriptions.,"Your team produces video continuously and needs cross-team collaboration.|You need browser-based recording (cross-platform, no install).|You value Tella's team subscription model and shared workspace features.",7,"Screen Studio and Tella both produce polished screen recordings for marketing video, but they solve different operational shapes. Screen Studio is the solo-operator desktop tool with one-time pricing — pay once, produce marketing videos when needed, no ongoing cost. Tella is the team SaaS with subscription pricing and collaboration features — designed for continuous team video production with shared workflow. Most indie founders sit closer to Screen Studio's shape; SaaS sales teams sit closer to Tella's. The product choice maps to operational shape, not to output quality.",depends,"If you are a solo indie founder producing marketing videos periodically, Screen Studio's one-time pricing and native-Mac polish are hard to beat. If you are running a SaaS sales team where multiple people record demos and onboarding videos continuously, Tella's subscription model and team workspace match the workflow.",video|screen-recording|cross-manifest|different-product-shapes,2026-05-17,https://unlocksaas.com/vs/screen-studio-vs-tella,https://unlocksaas.com/vs/screen-studio-vs-tella/md
linear-vs-shortcut,Linear,Shortcut,linear,,https://linear.app/,https://www.shortcut.com/,Project management for software teams,Linear and Shortcut are both opinionated issue trackers for software teams. Linear leans speed-first; Shortcut leans story-and-epic structure.,"Linear and Shortcut compete head-to-head for software engineering teams that left Jira. Linear is the speed-first opinionated default with keyboard-driven UX; Shortcut (formerly Clubhouse) is the story-and-epic-first option with stronger native planning hierarchy. For pure dev velocity, Linear; for product-development teams that plan in epics and stories, Shortcut.",Software teams that prize speed and want issue tracking to disappear most of the time.,Product-development teams that organize work into epics and milestones and need that structure first-class.,Your daily workflow is keyboard-driven and you measure tools on speed.|You value Linear's opinionated defaults that minimize configuration.|Your team is small enough that planning hierarchy is overkill.,"You plan work in epics, stories, and milestones as the dominant structure.|Your team includes meaningful product-management discipline alongside engineering.|You need integrated docs (Shortcut Write) sitting alongside the issue tracker.",7,"Linear and Shortcut both serve software engineering teams that rejected Jira but with different theories about what teams need. Linear bets on minimalism and speed as the dominant requirements. Shortcut bets on epics-and-stories planning hierarchy plus integrated docs. For solo or small teams optimizing for ship velocity, Linear is the obvious pick. For product-development teams where planning structure is the daily activity, Shortcut earns its richer surface. The choice maps to how your team works, not to which is better.",A,"Linear for indie SaaS. The speed advantage matters daily; the planning hierarchy advantage matters rarely at indie scale. Shortcut is the better pick once a product team needs serious epic-and-story discipline, which is usually a later-stage need.",project-management|developer-tools|speed-vs-structure|indie-friendly,2026-05-17,https://unlocksaas.com/vs/linear-vs-shortcut,https://unlocksaas.com/vs/linear-vs-shortcut/md
cursor-vs-windsurf,Cursor,Windsurf,,,https://www.cursor.com/,https://windsurf.com/,AI-native code editor,Cursor and Windsurf are the canonical AI-editor pair in 2026. Cursor pioneered the category; Windsurf challenges on agentic flow.,"Cursor and Windsurf both reimagine the code editor around LLM assistance but with different bets. Cursor leans tab-completion-plus-chat with a familiar VS Code shell. Windsurf (from Codeium) leans agentic Cascade flow that takes multi-step actions across the codebase. For coders who want AI as a writing assistant, Cursor; for coders who want AI to drive multi-file changes autonomously, Windsurf.",Indie developers and engineers who want fast inline AI assistance with familiar VS Code-style ergonomics.,Developers who want agentic multi-file AI actions that compose into longer autonomous flows.,You value tab-completion and inline chat as the dominant interaction.|You prefer the most popular tool in the category for plugin and community support.|You want a battle-tested experience built on the VS Code base.,You want Cascade-style agentic flows that act across multiple files autonomously.|You value Codeium's free tier and broader IDE plugin ecosystem.|You want the second-mover advantage of a tool built knowing what Cursor got right and wrong.,7,"Cursor and Windsurf are the canonical AI-editor competitive pair in 2026. Cursor pioneered the category and still holds the mindshare default — when developers say 'AI editor' they usually mean Cursor. Windsurf (renamed from Codeium's IDE) challenges on agentic flow with Cascade as the differentiating feature. For most indie developers in 2026 the choice is taste-driven; for developers who want AI to take longer multi-file autonomous actions, Windsurf's bet pays off more often.",depends,"If you are starting fresh and value mindshare and community, Cursor. If you specifically value agentic flows and want a more aggressive autonomous-AI experience, Windsurf. Both work; the productive default is to try whichever has the better free tier match for your usage and switch later if needed.",ai-editor|developer-tools|category-fight|agentic,2026-05-17,https://unlocksaas.com/vs/cursor-vs-windsurf,https://unlocksaas.com/vs/cursor-vs-windsurf/md
vercel-vs-render,Vercel,Render,vercel,render,https://vercel.com/,https://render.com/,Frontend cloud and hosting,Vercel optimizes for frontend deployment depth. Render optimizes for full-stack-app simplicity.,"Vercel and Render both host modern web apps but with different scopes. Vercel is the depth-first frontend cloud — best for Next.js and React-centric SaaS. Render is the breadth-first full-stack platform — best for teams that want managed Postgres, Redis, background workers, and cron all in one dashboard. For React-centric indie SaaS, Vercel; for full-stack apps with significant backend, Render's bundled services often beat assembling Vercel + external providers.","React, Next.js, and frontend-heavy SaaS teams that value the strongest framework DX.",Full-stack teams running Postgres + Redis + background workers + crons who want one dashboard for everything.,"You build with Next.js or React and want the canonical platform for the framework.|You value the polished frontend DX, AI SDK, and platform services integration.|Your backend is light or external (separate API, Supabase, etc.).","You run a full-stack app with managed Postgres, Redis, background jobs, and cron all in one place.|You want a simpler pricing model and tooling that does not split frontend from backend.|Your stack is framework-agnostic (Django, Rails, Node, Go, etc.) and Vercel's Next.js depth does not benefit you.",7,"Vercel and Render serve adjacent buyers but with different shapes. Vercel goes deep on frontend and React/Next.js with the strongest DX and AI tooling in the category. Render goes broad on full-stack with native managed services (Postgres, Redis, workers, cron) that Vercel pushes to marketplace partners. For Next.js-centric indie SaaS, Vercel is the obvious pick. For full-stack teams that want one dashboard for everything, Render's bundled approach often wins. The two products do not actually compete head-to-head as much as the surface comparison suggests.",depends,"If you ship Next.js with a light or external backend, Vercel. If you build a full-stack app with Postgres + background jobs + cron, Render's bundling and simpler pricing wins. The framework and backend shape determine the choice.",hosting|developer-tools|full-stack-vs-frontend|nextjs,2026-05-17,https://unlocksaas.com/vs/vercel-vs-render,https://unlocksaas.com/vs/vercel-vs-render/md
cal-com-vs-savvycal,Cal.com,SavvyCal,cal-com,,https://cal.com/,https://savvycal.com/,Scheduling,Cal.com is the open-source scheduling default. SavvyCal is the polished indie alternative for Calendly defectors who do not want open source.,"Cal.com and SavvyCal both serve the indie-buyer end of the scheduling market with different bets. Cal.com is open-source and self-hostable with a generous free tier. SavvyCal is closed-source and prices on aesthetic polish and a few unique features (calendar overlay, scheduling preferences). For developers and principled buyers, Cal.com; for indie founders who want a polished Calendly alternative without the open-source commitment, SavvyCal.","Developers, principled buyers, and indie founders who value open-source positioning and the self-host option.","Indie founders, creators, and small teams who want a polished Calendly alternative with distinctive UX touches.","You value open source for principle, extensibility, or self-host insurance.|You want the most generous free hosted tier in the category.|You are technical and may eventually want to deploy your own instance.","You want a polished Calendly alternative without thinking about open-source tradeoffs.|You value the calendar-overlay feature where bookers see your full availability.|You prefer a smaller, focused indie SaaS over a venture-funded open-source project.",7,"Cal.com and SavvyCal both serve the indie-buyer segment that has left or is leaving Calendly, but with different positioning. Cal.com leads on open source, self-host option, and generous free tier — the developer-friendly pick. SavvyCal leads on aesthetic polish and distinctive features (especially the calendar-overlay scheduling experience) — the indie-founder-who-does-not-care-about-open-source pick. For most indie SaaS founders the decision comes down to whether open-source matters to them personally; the functional difference is otherwise modest.",depends,"If you value open source or might want to self-host later, Cal.com. If you do not care about open source and want the most polished indie Calendly alternative with distinctive features, SavvyCal. Neither is wrong; the choice is values-aligned.",scheduling|indie-friendly|open-source-vs-polished|alternative-to-incumbent,2026-05-17,https://unlocksaas.com/vs/cal-com-vs-savvycal,https://unlocksaas.com/vs/cal-com-vs-savvycal/md
mintlify-vs-docusaurus,Mintlify,Docusaurus,mintlify,,https://mintlify.com/,https://docusaurus.io/,Developer documentation,"Mintlify is the polished docs SaaS. Docusaurus is the open-source framework. SaaS vs self-host, the canonical dev-docs decision.","Mintlify and Docusaurus solve documentation but at opposite ends of the SaaS-vs-self-host axis. Mintlify is the managed platform with a recognizable modern aesthetic; Docusaurus (Meta's open-source React docs framework) is the free self-hostable option that requires engineering time. For teams that value engineering time over docs hosting cost, Mintlify; for teams that have engineering bandwidth and want zero ongoing fees, Docusaurus.",Dev-tool SaaS teams that want polished modern docs without engineering investment in the docs platform itself.,"Teams with React engineering capacity who want full control, zero ongoing fees, and custom theming.","You want the modern docs aesthetic shared by Anthropic, Cursor, Resend.|You value engineering time over the recurring docs platform cost.|You want managed AI search and analytics without building them yourself.",You have React engineering capacity and want full control over the docs platform.|You want zero ongoing platform fees and are happy with self-hosting.|You need custom theming or features that Mintlify's managed platform does not support.,8,"Mintlify and Docusaurus represent the SaaS-vs-self-host trade canonical in developer tooling. Mintlify wins on time-to-polished-docs and the recognizable aesthetic that signals category membership; Docusaurus wins on cost and customization ceiling. For most indie SaaS dev-tool companies in 2026, Mintlify's time saving and aesthetic match are worth the recurring fee. For teams with engineering bandwidth that genuinely value customization or zero platform cost, Docusaurus is the right pick. The decision is not whether one is better; it is whether your team prefers to spend engineering time or platform money.",A,Mintlify for indie dev-tool SaaS — the aesthetic match and time savings compound. Docusaurus is excellent but the engineering time to maintain it is real cost an indie founder usually cannot afford.,documentation|developer-tools|saas-vs-self-host|indie-tools,2026-05-17,https://unlocksaas.com/vs/mintlify-vs-docusaurus,https://unlocksaas.com/vs/mintlify-vs-docusaurus/md
resend-vs-loops,Resend,Loops,resend,loops,https://resend.com/,https://loops.so/,SaaS email platform,"Resend is the email API for developers. Loops is the SaaS-marketing email platform. Same modern aesthetic, different jobs.","Resend and Loops both target modern SaaS teams with sharp DX, but the jobs differ. Resend is the developer-first transactional email API (the modern alternative to SendGrid). Loops is the SaaS-marketing email platform (the modern alternative to Mailchimp or Customer.io). Most serious SaaS use both — Resend for transactional, Loops for lifecycle and campaigns. The comparison is rarely either-or.","Developers and SaaS teams sending transactional email (password resets, receipts, notifications).","SaaS founders and growth teams running lifecycle email, onboarding sequences, broadcast campaigns.",Your primary need is transactional email reliability and a clean API.|You want React Email for template authoring.|Your marketing email volume is small enough that a separate platform is overkill.,"You run sophisticated lifecycle sequences and broadcast campaigns.|You need a UI for non-developers (marketing, success) to build email flows.|You want subscriber segmentation, audience targeting, and analytics beyond basic open and click metrics.",8,"Resend and Loops are not really competitors despite both being modern email platforms for SaaS. Resend is the developer-first transactional API; Loops is the marketing-flow platform. Most serious SaaS use both — Resend for password resets and notifications, Loops for onboarding sequences and campaigns. The mistake is picking one to do both jobs; the platforms are designed to compose. The right indie-SaaS stack often includes both, not one.",depends,"Use both if you can afford to. Resend handles transactional cleanly; Loops handles lifecycle and broadcasts at a tier indie SaaS can adopt. If you must pick one, start with Resend if transactional is the immediate need (most indie SaaS launch this first), then add Loops when lifecycle email becomes a real surface to invest in.",email|developer-tools|transactional-vs-marketing|cross-manifest,2026-05-17,https://unlocksaas.com/vs/resend-vs-loops,https://unlocksaas.com/vs/resend-vs-loops/md
fathom-vs-simple-analytics,Fathom Analytics,Simple Analytics,fathom,,https://usefathom.com/,https://www.simpleanalytics.com/,Privacy analytics,Fathom and Simple Analytics are both privacy-first alternatives to Google Analytics. The choice is taste — Fathom leans founder-led; Simple Analytics leans minimal.,"Fathom and Simple Analytics both serve the privacy-leaning indie SaaS segment with cookie-free, GDPR-by-construction web analytics. Fathom anchors trust on founder visibility (Jack Ellis and Paul Jarvis); Simple Analytics anchors on the smallest possible product surface. The functional difference is modest; the brand voice differs meaningfully. For most indie founders the choice is taste-aligned.",Indie founders who prefer buying from identifiable indie operators with active founder content.,"Indie founders who want the most stripped-down, minimal privacy-analytics product without founder-led marketing overhead.",You value the indie-operator brand and follow Jack or Paul's content.|You want the slightly more polished dashboard and feature surface.|You prefer a brand with a longer running-track record in privacy analytics.,"You want the absolutely simplest possible analytics product.|You value the EU-based operations and explicit data-residency story.|You prefer a smaller, quieter brand and a more constrained feature set.",7,"Fathom and Simple Analytics both serve the same job from slightly different positions. Fathom wins on founder-led brand visibility and the slightly broader feature surface. Simple Analytics wins on EU operations specificity and a more minimal product. For most indie SaaS in 2026, Fathom is the more recognizable pick; Simple Analytics retains a niche for buyers who specifically want the smallest possible analytics product with explicit EU data residency. Neither is wrong — the choice is preference.",depends,Try both free trials. Fathom for the founder-led brand; Simple Analytics for the minimal-product preference. Either choice is reasonable; the meta-decision (leave Google Analytics) matters more than the choice between these two.,privacy-analytics|indie-saas|parity-fight|taste-aligned,2026-05-17,https://unlocksaas.com/vs/fathom-vs-simple-analytics,https://unlocksaas.com/vs/fathom-vs-simple-analytics/md
calendly-vs-acuity,Calendly,Acuity Scheduling,calendly,,https://calendly.com/,https://acuityscheduling.com/,Scheduling,"Calendly serves sales teams and recruiters. Acuity serves service businesses (yoga studios, therapists, photographers). Same category, different jobs.","Calendly and Acuity Scheduling both schedule meetings but for different buyers. Calendly is the canonical sales/recruiting/B2B scheduling default with deep CRM integrations. Acuity (owned by Squarespace) is the service-business platform with built-in payments, packages, intake forms, and class scheduling. For SaaS sales teams, Calendly. For service businesses (coaches, therapists, fitness studios, photographers), Acuity is the right shape.","Sales teams, recruiters, B2B coordinators, and any professional whose calendar coordination is meeting-focused.","Service businesses, coaches, therapists, fitness studios, photographers, consultants — anyone whose scheduling involves payment and packages.","Your scheduling is sales calls, demos, or recruiter screens.|You need deep CRM integrations (Salesforce, HubSpot, Marketo).|Your bookers are professionals who expect the Calendly brand.","You run a service business that sells appointments, classes, or packages.|You need integrated payments, intake forms, and class scheduling out of the box.|You are on Squarespace and value the bundled product experience.",7,"Calendly and Acuity Scheduling both schedule meetings but for fundamentally different buyers. Calendly serves B2B sales coordination; Acuity serves service businesses where the scheduling decision involves payment, packages, and recurring sessions. The functional overlap is real but narrow. For a SaaS sales team, Calendly is the obvious pick; for a service business, Acuity's bundled features (payments, intake, packages) save the integration work Calendly would require. The mistake is comparing them as if they competed on the same job.",A,"Calendly for indie SaaS founders doing sales calls. Acuity is a great product but for a different audience — service businesses, not software companies. If you are running a coaching practice alongside your indie SaaS, Acuity might serve the coaching side.",scheduling|b2b-vs-service-business|different-audiences|payments,2026-05-17,https://unlocksaas.com/vs/calendly-vs-acuity,https://unlocksaas.com/vs/calendly-vs-acuity/md
postmark-vs-mailgun,Postmark,Mailgun,postmark,,https://postmarkapp.com/,https://www.mailgun.com/,Email API,Postmark obsesses over deliverability for transactional. Mailgun is the broader legacy email infrastructure with marketing and bulk-send features.,"Postmark and Mailgun both ship email APIs but with different scopes. Postmark is the deliverability-first transactional specialist with separated streams and a decade of single-message marketing. Mailgun is the broader legacy infrastructure platform with marketing email, validation, bulk send, and inbound parsing. For transactional-first use cases, Postmark. For teams that need a broader email infrastructure platform with both transactional and marketing capabilities, Mailgun.",Developers and SaaS teams prioritizing transactional email reliability above all else.,Teams that need a broader email infrastructure platform (transactional + marketing + validation + inbound parsing) under one vendor.,"Your dominant email need is transactional (password resets, receipts, notifications).|You value the deliverability track record and single-promise marketing.|You prefer to compose Postmark with a dedicated marketing platform (Loops, Customer.io) rather than bundle.",You need both transactional and marketing email under one vendor.|You use Mailgun's email validation API or inbound email parsing features.|You are already on a Mailgun contract or your team has Mailgun expertise.,8,"Postmark and Mailgun ship email APIs but solve different shapes of the email infrastructure problem. Postmark is the deliverability-first transactional specialist with single-promise marketing and an architectural commitment (separated streams) that competitors cannot copy without abandoning their business model. Mailgun is the broader infrastructure platform with validation, inbound parsing, and bulk-send features that Postmark does not offer. For transactional-dominant SaaS, Postmark. For teams that need an email infrastructure platform with multiple adjacent capabilities, Mailgun. The choice maps to scope, not to which is better at any single thing.",A,"Postmark for indie SaaS in 2026. The transactional-first focus matches what most indie SaaS need first; the single-promise marketing makes the value proposition easy to verify. Mailgun is the right pick for teams that need its specific broader features (validation, inbound parsing); for the default indie SaaS use case, Postmark wins.",email|developer-tools|transactional-vs-broader-infrastructure|deliverability,2026-05-17,https://unlocksaas.com/vs/postmark-vs-mailgun,https://unlocksaas.com/vs/postmark-vs-mailgun/md
linear-vs-clickup,Linear,ClickUp,linear,clickup,https://linear.app/,https://clickup.com/,Project management for software teams,Linear is opinionated and minimal. ClickUp is configurable and comprehensive. Opposite ends of the project-management axis.,"Linear and ClickUp solve project management with opposite philosophies. Linear constrains workflow choices to maximize speed; ClickUp gives you every configuration option imaginable and lets you decide. For engineering teams that prize velocity and reject configurability, Linear. For teams that want to model their specific (often unusual) workflow exactly, ClickUp's configurability is the differentiator. Most teams should pick Linear unless they have a specific workflow that demands ClickUp's flexibility.","Software engineering teams that want fast, opinionated issue tracking and reject configurability overhead.","Cross-functional teams with specific workflows that require deep configuration (custom statuses, custom fields, complex automations).",Your team is engineers and you prioritize velocity over configuration.|You actively reject the 'configure-everything' tooling approach.|You value the keyboard-first UX and minimal interface.,"Your team has unusual workflows that need custom statuses, custom fields, and complex automations.|You want one tool to handle tasks, docs, chat, time tracking, and forms in one platform.|Your team values being able to configure tools rather than accepting opinionated defaults.",8,"Linear and ClickUp represent opposite philosophies in project management. Linear bets that opinionated defaults plus minimal feature surface produce the best outcomes for software teams. ClickUp bets that configurability and broad feature breadth let teams model any workflow exactly. Both philosophies work for their respective audiences; the mistake is forcing one onto a team that fits the other. For most indie SaaS engineering teams, Linear's opinionated approach reduces decision overhead and ships work faster. For teams with unusual workflows or non-engineering members who need cross-functional features, ClickUp's configurability earns its complexity.",A,"Linear for indie SaaS engineering teams. The speed and minimal-configuration overhead match how indie founders actually work — no time to configure tooling, just ship the product. ClickUp is the right pick for cross-functional teams with non-engineering members or specific workflows that need custom modeling.",project-management|developer-tools|opinionated-vs-configurable|minimalism-vs-breadth,2026-05-17,https://unlocksaas.com/vs/linear-vs-clickup,https://unlocksaas.com/vs/linear-vs-clickup/md
notion-vs-clickup,Notion,ClickUp,notion,clickup,https://www.notion.so/,https://clickup.com/,Productivity and workspace,Notion is a workspace canvas with project management bolted in. ClickUp is project management with docs and chat bolted in. Different centers of gravity.,"Notion and ClickUp both consolidate work tools but with different centers of gravity. Notion starts with docs and adds databases and project management; ClickUp starts with tasks and adds docs and chat. For teams whose primary work is writing and knowledge, Notion. For teams whose primary work is task execution and project tracking, ClickUp. Both companies overlap on the surface but the dominant use case determines the right pick.","Teams whose primary work is docs, wikis, knowledge bases, and lightly-structured project planning.","Teams whose primary work is task execution, project tracking, and time management, with docs as a secondary surface.",Your team writes more than it executes tasks.|You value the largest template ecosystem and template-driven onboarding.|You want a workspace that scales from personal use to team wiki without changing tools.,"Your team's primary daily activity is task and project management.|You want native time tracking, goal management, and forms built in.|You value the configurability to model your exact workflow.",8,"Notion and ClickUp both try to be the 'one tool for work' but from opposite directions. Notion approaches consolidation from the docs side and bolts on PM features; ClickUp approaches from the PM side and bolts on docs. The result is that both teams find one feels native and the other feels forced. For docs-dominant teams (knowledge work, product, design, marketing), Notion. For execution-dominant teams (operations, project delivery, agency work), ClickUp. Neither product is wrong; the mistake is picking based on feature lists rather than on which surface your team uses 80% of the time.",A,"Notion for indie SaaS teams. Most indie founders write more than they execute tasks at small scale — docs, specs, briefs, customer notes, marketing copy all live in the same canvas. ClickUp becomes the better pick once a team grows to where structured project management and time tracking become daily activities, which is usually a later-stage need.",productivity|workspace|docs-vs-tasks|consolidation,2026-05-17,https://unlocksaas.com/vs/notion-vs-clickup,https://unlocksaas.com/vs/notion-vs-clickup/md
render-vs-fly-io,Render,Fly.io,render,,https://render.com/,https://fly.io/,Frontend cloud and hosting,"Render bundles backend services in a managed PaaS. Fly.io runs your app close to users with a global edge architecture. Same broad job, opposite execution models.","Render and Fly.io both host full-stack apps for indie SaaS and growing companies but with opposite execution models. Render is the managed PaaS that bundles Postgres, Redis, background workers, and cron under one dashboard with familiar pricing. Fly.io runs your app as Firecracker VMs across a global edge network and prices on resource usage. For teams that want simplicity and bundled services, Render. For teams that want global edge deployment and care about per-region latency, Fly.io.","Teams that want a managed PaaS with bundled Postgres, Redis, workers, and cron under predictable per-service pricing.",Teams that want global edge deployment for latency-sensitive apps and are comfortable with VM-level configuration.,You want one dashboard for app + database + Redis + workers + cron.|You value predictable per-service pricing and a more abstracted operational surface.|Your app does not need global edge deployment.,You want your app running close to users globally for latency-sensitive workloads.|You are comfortable with VM-level configuration and Fly Machines.|You value the lower-level control and lighter operational abstraction.,8,"Render and Fly.io both host full-stack apps but with opposite philosophies. Render is the managed PaaS for teams that want bundled services and predictable pricing — the right pick when operational simplicity matters more than per-region latency. Fly.io is the edge-first platform for teams that need global deployment and are comfortable with VM-level configuration. Neither is universally better; the choice maps to whether your priority is operational simplicity (Render) or global latency optimization (Fly.io). For indie SaaS that serve users globally and care about latency, Fly.io's edge model is structurally advantaged; for indie SaaS that serve users in a few regions and want simpler ops, Render wins.",depends,"If your users are global and latency matters, Fly.io's edge model is the structural advantage. If your users are in a few regions and you want bundled services and simpler ops, Render. Both are valid for different shapes of indie SaaS; the user-geography question usually decides.",hosting|developer-tools|managed-paas-vs-edge|global-deployment,2026-05-17,https://unlocksaas.com/vs/render-vs-fly-io,https://unlocksaas.com/vs/render-vs-fly-io/md
notion-vs-airtable,Notion,Airtable,notion,airtable,https://www.notion.so/,https://www.airtable.com/,Productivity and workspace,Notion is a docs canvas with databases bolted in. Airtable is a database with docs and apps bolted in. Different centers of gravity in the same broad workspace category.,"Notion and Airtable both blur the line between database and workspace, but from opposite starting points. Notion is a docs platform with database blocks; Airtable is a relational database with documents and apps wrapped around it. For teams whose primary work is documents and lightly-structured project planning, Notion. For teams whose primary work is structured data with relationships, automations, and lightweight internal tools, Airtable. The mistake is picking based on overlap features rather than on the dominant starting point.","Teams whose primary work is docs, wikis, knowledge bases, and lightly-structured project planning.","Teams whose primary work is structured relational data, with documents and apps as adjacent capabilities.",Your team writes more than it stores structured data.|You value the largest template ecosystem and template-driven onboarding.|You want a workspace that scales from personal notes to team wiki.,"Your team's primary surface is structured data with relationships, formulas, and automations.|You need to build lightweight internal tools (intake forms, dashboards, approval workflows) without code.|Your team values database-grade integrity and formula depth over docs polish.",8,"Notion and Airtable both sit in the broad workspace category but solve different jobs. Notion's docs-first shape wins for knowledge work; Airtable's database-first shape wins for structured-data work and lightweight internal tools. Most teams who try to use one for both jobs eventually feel the gap and either accept it or add the second tool. For pure knowledge platforms, Notion. For data-shaped operations (CRM, inventory, project tracking with formulas), Airtable. Picking based on feature overlap rather than dominant starting shape is the common mistake.",A,"Notion for most indie SaaS teams. The team's primary work at indie scale is writing (specs, docs, customer notes, marketing copy) more than structured data operations. Airtable becomes the better pick when ops complexity grows enough that structured-data workflows dominate — usually a later-stage need.",workspace|docs-vs-database|different-starting-shapes|no-code,2026-05-17,https://unlocksaas.com/vs/notion-vs-airtable,https://unlocksaas.com/vs/notion-vs-airtable/md
stripe-vs-braintree,Stripe,Braintree,stripe,,https://stripe.com/,https://www.braintreepayments.com/,Payments processing,"Stripe is the modern developer-first payments default. Braintree is PayPal-owned, mature, with PayPal-native checkout. Different positions in the same broad category.","Stripe and Braintree both process payments but from opposite positions. Stripe is the modern developer-first platform that won mindshare in the 2010s and continues to define the category. Braintree (owned by PayPal since 2013) is the mature enterprise platform with native PayPal checkout integration as the structural differentiator. For new SaaS, Stripe is the obvious pick. For businesses that need PayPal checkout depth without separate integration, Braintree retains value.","Modern SaaS, startups, and developer-led teams building checkout from scratch.",Businesses that need native PayPal checkout integration as part of a single payment platform.,"You are building a new payment integration and value the strongest developer experience.|Your customers do not specifically require PayPal as a payment method.|You want the broadest ecosystem of integrations, libraries, and Stripe-native tooling.",Your customer base specifically requires PayPal checkout as a primary payment method.|You want one platform handling both card and PayPal payments natively.|You are already on the PayPal ecosystem and want consolidated billing.,8,"Stripe and Braintree both process payments but from opposite positions in the modern payments fight. Stripe owns the developer mindshare and continues to define the modern payments DX category. Braintree's structural advantage is the native PayPal checkout integration — for businesses where PayPal is part of the customer expectation, Braintree's bundled approach beats Stripe-plus-PayPal-as-add-on. For most new SaaS in 2026, Stripe is the obvious default; Braintree is the right pick when PayPal-native checkout is structurally important.",A,"Stripe for indie SaaS in 2026. The developer experience advantage compounds, the ecosystem is broader, and the subscription billing depth matters more than native PayPal integration for most indie buyers. Add PayPal as a Stripe payment method if specific customer cohorts demand it.",payments|developer-tools|category-default-vs-niche-incumbent|paypal-integration,2026-05-17,https://unlocksaas.com/vs/stripe-vs-braintree,https://unlocksaas.com/vs/stripe-vs-braintree/md
linear-vs-trello,Linear,Trello,linear,,https://linear.app/,https://trello.com/,Project management,Linear is opinionated issue tracking for engineering. Trello is the Kanban board for everyone. Different categories despite the surface comparison.,"Linear and Trello both manage tasks but for completely different buyers and purposes. Linear is the modern issue tracker built for software engineering teams that rejected Jira. Trello (owned by Atlassian) is the Kanban-board-for-everyone platform that pioneered visual task management for non-technical teams. For engineering work, Linear is the obvious pick. For lightweight cross-functional task tracking, content planning, or personal project organization, Trello's simplicity is the structural advantage.","Software engineering teams that want fast, opinionated issue tracking with engineer-first workflows.","Cross-functional teams, marketing, content planning, personal projects — anyone who wants simple Kanban without engineering-team overhead.",Your work is software engineering and you want issue tracking calibrated to dev workflows.|You value keyboard-first UX and opinionated defaults over Kanban flexibility.|You measure tooling on velocity and want issue tracking to disappear most of the time.,"Your work is cross-functional, content-driven, or personal organization.|You want the simplest possible Kanban board without learning curve.|Your team includes non-technical members who would resist Linear's engineering-flavored UX.",8,"Linear and Trello sit in the same broad task-management category but for completely different buyers. Linear serves software engineering teams that left Jira; Trello serves the everyone-else segment that wants visual Kanban without engineering-tool overhead. The comparison appears in searches because both contain 'task management' but the audiences barely overlap. For engineering work, Linear is the obvious pick. For content planning, cross-functional teams, or personal projects, Trello's simplicity is the structural advantage. The mistake is forcing one onto a team that fits the other.",A,"Linear for indie SaaS engineering work. The speed and engineering-workflow fit match how indie founders actually ship. Trello might serve a content-planning or marketing-task workflow alongside Linear, but for the primary engineering work Linear wins decisively.",project-management|engineering-vs-everyone-else|different-buyers|kanban,2026-05-17,https://unlocksaas.com/vs/linear-vs-trello,https://unlocksaas.com/vs/linear-vs-trello/md
mailchimp-vs-beehiiv,Mailchimp,Beehiiv,,beehiiv,https://mailchimp.com/,https://www.beehiiv.com/,Newsletter and creator email,Mailchimp is the legacy default for newsletter and marketing email. Beehiiv is the modern creator-business platform with native monetization stack.,"Mailchimp and Beehiiv both ship newsletters but from opposite positions in the modern email category. Mailchimp is the legacy platform that defined the category for small businesses in the 2010s; Beehiiv is the modern challenger built specifically for creators treating newsletters as businesses. For traditional small-business email marketing, Mailchimp retains brand familiarity. For modern creators monetizing via ads, paid subscriptions, and referral mechanics, Beehiiv's native monetization stack is the structural advantage.",Small businesses and traditional marketing teams that want familiar email-marketing tooling with the longest brand recognition.,"Modern creators treating the newsletter as a business with multiple revenue streams (ads, paid subs, referrals, Boost network).","You are a small business doing traditional email marketing with no creator-monetization needs.|Your team values familiar tooling that anyone who has worked in marketing knows.|You need the broader marketing-automation surface beyond newsletters (landing pages, basic CRM).","You are a creator treating the newsletter as a business.|You want the native monetization stack (ads network, paid subs, Boost referrals).|You value the modern creator-business positioning over legacy marketing tooling.",7,"Mailchimp and Beehiiv ship newsletters but for fundamentally different buyers. Mailchimp is the legacy small-business marketing platform that defined the category and still serves it; Beehiiv is the modern creator-business platform built natively for monetization. For traditional small-business email marketing without creator-monetization needs, Mailchimp's brand familiarity and broader marketing automation hold value. For modern creators building newsletter businesses, Beehiiv's native ads network, paid subscriptions, and Boost referrals are structural advantages Mailchimp does not offer. The mistake is comparing them as if they compete for the same buyer.",B,"Beehiiv for indie SaaS founders running newsletters as a marketing channel or business asset. The native monetization stack matters even if you do not use it immediately — it preserves the option. Mailchimp's broader automation surface only matters if you genuinely need marketing-automation beyond newsletters, which is rare for indie SaaS.",newsletter|creator-business-vs-traditional-marketing|monetization-stack|legacy-vs-modern,2026-05-17,https://unlocksaas.com/vs/mailchimp-vs-beehiiv,https://unlocksaas.com/vs/mailchimp-vs-beehiiv/md
figma-vs-framer,Figma,Framer,figma,framer,https://www.figma.com/,https://www.framer.com/,Design and prototyping,Figma owns design collaboration. Framer expanded from prototyping into design-and-publish. Different parts of the design lifecycle.,"Figma and Framer both serve the design lifecycle but from different positions. Figma is the canonical collaborative design tool that won the category in the late 2010s. Framer started as a code-driven prototyping tool and pivoted to compete on design-plus-publish — meaning Framer designs become live websites without engineering handoff. For design collaboration with developer handoff, Figma. For designers who want to publish marketing sites without engineering, Framer's bundled design-and-publish is the structural differentiator.","Product design teams collaborating with developers, PMs, and clients in real time.",Designers building marketing sites and landing pages who want to publish without engineering handoff.,"Your team's primary use case is collaborative product design with developer handoff.|You value the largest design-systems community and plugin ecosystem.|Your sites are built by engineers, not designed-to-deploy by designers.","You are a designer building marketing sites and want to publish directly without engineering involvement.|You value the design-to-live-site workflow without handoff steps.|Your team's design output is primarily marketing sites and landing pages, not product UI.",8,"Figma and Framer both serve the design lifecycle but solve different jobs. Figma is the collaborative design tool for product teams that hand off to engineering. Framer is the design-plus-publish tool for designers who want to ship marketing sites without engineering involvement. The comparison appears in searches because both contain 'design' but the audiences barely overlap. For product design teams, Figma is the obvious pick. For designers building marketing sites who want direct publish, Framer's bundled workflow is the structural differentiator. The mistake is comparing them on the design-tool axis alone without considering the publish-or-handoff distinction.",depends,"If your design work is product UI that engineering builds, Figma. If your design work is marketing sites you want to publish without engineering, Framer. Most indie SaaS use Figma for product and either a Next.js site (engineering-built) or Framer (design-published) for marketing. The choice depends on your marketing-site workflow.",design|collaboration-vs-publish|different-workflows|no-handoff,2026-05-17,https://unlocksaas.com/vs/figma-vs-framer,https://unlocksaas.com/vs/figma-vs-framer/md
loom-vs-tella,Loom,Tella,loom,tella,https://www.loom.com/,https://www.tella.tv/,Screen recording for marketing video,"Loom optimizes for fast async communication. Tella optimizes for polished marketing video. Same surface, opposite optimization targets.","Loom and Tella both record screen videos but optimize for opposite jobs. Loom is the canonical async-team-communication platform — record fast, share a link, save a meeting. Tella is the polished marketing video tool — branded backgrounds, layered camera-and-screen, cinematic export. For daily async team communication, Loom. For marketing-page videos where output polish matters, Tella. Most serious indie founders use both — Loom for async, Tella for marketing.","Distributed teams, customer success, sales async pitches — anyone whose primary use case is fast async video communication.","Indie SaaS founders, designers, marketers producing marketing videos where output polish matters.",You record async videos multiple times per day for team or customer communication.|You want instant share links and viewer analytics.|Speed-of-recording-to-share matters more than cinematic output polish.,"The video will appear on a marketing page, app store listing, or social media.|You want layered camera-and-screen with branded backgrounds without manual editing.|You value polished output over the absolute speed of recording-to-share.",7,"Loom and Tella both record screen videos but solve opposite jobs. Loom optimizes for the speed of going from 'I need to explain this' to 'here is a link.' Tella optimizes for the polish of the final exported video. They share the format (screen recording with camera) but the workflows and outputs diverge sharply. Most serious indie founders use both — Loom for daily async communication, Tella for marketing-page videos and product demos that need to look intentional. Picking one to do both jobs always feels like a compromise.",depends,"Use both. Loom for daily async communication with team, customers, and contractors; Tella for your marketing page videos, product demos, and anything seen by your public audience. The video category for indie founders is genuinely two-product; the productive default is to adopt one of each.",video|screen-recording|async-vs-marketing|use-both,2026-05-17,https://unlocksaas.com/vs/loom-vs-tella,https://unlocksaas.com/vs/loom-vs-tella/md
airtable-vs-coda,Airtable,Coda,airtable,,https://www.airtable.com/,https://coda.io/,Productivity and workspace,"Airtable is a relational database with documents wrapped around it. Coda is a document with serious database power baked in. Same broad job, opposite starting shapes.","Airtable and Coda both blur the line between database and document but from opposite starting points. Airtable is a relational database (Bases, Tables, Records, Fields) with Interfaces and Documents wrapped around it. Coda is a document (Pages, Sections) with sophisticated table and formula primitives embedded. For database-first ops work, Airtable. For document-first work that needs serious database depth in line, Coda. The mistake is picking based on feature overlap rather than on the dominant primitive your team thinks in.","Operations-heavy teams whose primary surface is structured relational data with formulas, automations, and interfaces.",Documentation-heavy teams that need serious database power embedded in the document flow itself.,"Your team thinks in tables, records, and relationships as the dominant primitive.|You need to build internal tools (forms-to-database, dashboards, approval workflows) as part of your daily work.|You value Airtable's mature integration ecosystem and large template community.",Your team thinks in documents and pages as the dominant primitive but needs database depth.|You want Pack-based extensibility (third-party Coda packs let you query external systems inline).|You value the document-first reading experience with database power available when needed.,8,"Airtable and Coda both blur the document/database boundary but from opposite starting points. Airtable's database-first shape wins for teams who think in tables and need to build internal tools; Coda's document-first shape wins for teams who think in pages but need database depth inline. The buyer's mental model determines the right pick — picking based on feature overlap leads to using the wrong tool and feeling the friction daily. For pure database operations Airtable; for documentation that needs embedded database power, Coda.",depends,"If your indie SaaS operations involve structured data (CRM, inventory, project tracking with formulas), Airtable's database-first shape wins. If your work is documentation-heavy with occasional database needs (specs, customer notes, content calendars), Coda matches the primitive. Most indie founders use Notion as the default workspace and reach for Airtable or Coda only when the database depth becomes a real constraint.",workspace|database-vs-document|no-code|different-primitives,2026-05-18,https://unlocksaas.com/vs/airtable-vs-coda,https://unlocksaas.com/vs/airtable-vs-coda/md
trello-vs-asana,Trello,Asana,,asana,https://trello.com/,https://asana.com/,Project management,Trello is the Kanban-for-everyone simple board. Asana is the cross-functional structured PM platform. Different complexity levels for different team sizes.,"Trello and Asana both manage tasks but at opposite ends of the complexity-vs-simplicity axis. Trello (also Atlassian-owned) is the canonical visual Kanban board for individuals and small teams who want immediate simplicity. Asana is the structured cross-functional PM platform with timelines, workflows, and goals for teams operating at scale. For lightweight personal or small-team task tracking, Trello. For cross-functional organizational coordination, Asana's depth earns its complexity.","Individuals, small teams, content planning, personal projects — anyone who wants immediate Kanban without setup complexity.","Growing cross-functional teams that coordinate work across marketing, design, engineering, ops with timelines and goal hierarchies.",You are an individual or small team that wants the simplest possible visual task management.|You value zero setup time — drag cards across lists and you are done.|Your work is straightforward enough that structured PM features would feel like overhead.,"You coordinate work across multiple functional teams (marketing, design, engineering, ops).|You need timeline views, dependencies, custom workflows, and goal tracking.|Your team has grown past the point where simple Kanban boards capture the real work.",8,"Trello and Asana both ship from Atlassian but serve fundamentally different buyers. Trello is the visual Kanban board for individuals and small teams who want immediate simplicity. Asana is the structured cross-functional PM platform for growing organizations with multi-team coordination. Most teams start on Trello and migrate to Asana (or Jira, or Linear) when complexity grows past what simple Kanban can capture. The mistake is starting on Asana for a 2-person team or staying on Trello past 20-person cross-functional coordination.",A,"Trello for solo or 2-3 person indie SaaS teams. The simplicity matches the actual work shape at indie scale. Migrate to Asana, Linear (engineering), or ClickUp (configurable) when the team grows past where simple Kanban captures the real coordination work — usually around 5-10 people across multiple functions.",project-management|simplicity-vs-structure|different-team-sizes|atlassian,2026-05-18,https://unlocksaas.com/vs/trello-vs-asana,https://unlocksaas.com/vs/trello-vs-asana/md
clickup-vs-asana,ClickUp,Asana,clickup,asana,https://clickup.com/,https://asana.com/,Project management,ClickUp consolidates everything in one configurable platform. Asana focuses on structured project management with depth. Bundling vs specialization.,"ClickUp and Asana both serve cross-functional teams but with different bets. ClickUp consolidates tasks, docs, chat, whiteboards, forms, time tracking, and goals into one configurable platform — the bet is that buyers want one bill and one platform over best-of-breed depth. Asana focuses on structured PM with mature Goals, Timeline, and Workload features — the bet is that PM depth matters more than feature breadth. For teams that want consolidation, ClickUp. For teams that want PM-specific depth, Asana.",Cross-functional teams that want to consolidate multiple SaaS tools under one bill with deep configurability.,"Cross-functional teams that want structured PM depth (Goals, Timeline, Workload) without the configurability overhead.","You want one tool for tasks, docs, chat, whiteboards, forms, time tracking, and goals.|Your team has unusual workflows that require deep configurability.|You value the all-in-one bundling over best-of-breed depth in any single feature.","You want a PM-focused tool with mature timeline, goal, and workload features.|You value opinionated depth over configurability and breadth.|Your team adopts specialist tools for non-PM functions (Notion for docs, Slack for chat, etc.).",8,"ClickUp and Asana both serve cross-functional teams but with opposite bets. ClickUp bets that consolidation (one tool for many use cases) beats specialization. Asana bets that PM-specific depth (mature Goals, Timeline, Workload) matters more than feature breadth. For teams that want one bill and one platform, ClickUp. For teams that want PM depth and run specialist tools for non-PM functions, Asana. Both are legitimate; the choice depends on whether your team values consolidation or depth.",depends,"If your indie SaaS team is small and cross-functional with limited tool budget, ClickUp's bundling can save real money and operational overhead. If your team is more specialized (engineering uses Linear, docs in Notion, chat in Slack), Asana's PM focus matches that operating model better. The choice is whether to consolidate or specialize.",project-management|consolidation-vs-depth|cross-functional,2026-05-18,https://unlocksaas.com/vs/clickup-vs-asana,https://unlocksaas.com/vs/clickup-vs-asana/md
webflow-vs-framer,Webflow,Framer,,framer,https://webflow.com/,https://www.framer.com/,Design and prototyping,Webflow is the canonical no-code site builder with mature CMS depth. Framer is the design-first publisher built for designers who reject code workflows.,"Webflow and Framer both let non-developers ship live sites but from different positions. Webflow is the long-established no-code platform with mature CMS, e-commerce, and structured content workflows — built for marketers and ops who want to ship without engineering. Framer is the design-first publisher that pivoted from prototyping into design-and-publish — built for designers who want to deploy their Figma-style work as live sites. For complex sites with CMS and structured content, Webflow. For designer-led marketing sites with native publish, Framer.","Marketing teams, agencies, and ops-led organizations building complex sites with structured content, CMS, and e-commerce.",Designers building marketing sites and landing pages who want to publish their design work directly without engineering involvement.,"Your site needs serious CMS with content collections, dynamic pages, and structured content.|You value the mature ecosystem of Webflow agencies, plugins, and integrations.|Your team is marketing-led with non-designer contributors who need a familiar visual builder.","You are a designer who wants the design-to-publish workflow without learning a separate no-code tool.|Your site is primarily marketing pages and landing pages, not complex CMS-driven content.|You value the integration with Figma-style design aesthetics and animations.",8,"Webflow and Framer both let non-developers publish live sites but for different buyers. Webflow is the established no-code platform with mature CMS, e-commerce, and structured content workflows — the right pick for marketing-led organizations and agencies. Framer is the design-first publisher built for designers who want to deploy their Figma-style work directly — the right pick for designer-led marketing sites. The choice depends on whether your site is primarily CMS-driven (Webflow) or primarily marketing-page design (Framer). The mistake is comparing them on the no-code-site-builder axis alone without considering the marketer-vs-designer buyer split.",depends,"If you have design skills and your indie SaaS marketing site is primarily landing pages, Framer matches the workflow. If you need a serious CMS for blog, docs, or structured content alongside marketing pages, Webflow's depth wins. Most indie founders pick based on their own design comfort — designers gravitate to Framer; marketing-leaning founders gravitate to Webflow.",no-code-site-builder|marketer-vs-designer|cms-vs-design|publish-workflow,2026-05-18,https://unlocksaas.com/vs/webflow-vs-framer,https://unlocksaas.com/vs/webflow-vs-framer/md
mailchimp-vs-substack,Mailchimp,Substack,,substack,https://mailchimp.com/,https://substack.com/,Newsletter and creator email,Mailchimp is the legacy small-business marketing platform. Substack is the modern publication network. Different jobs despite both shipping emails.,"Mailchimp and Substack both ship emails but solve fundamentally different jobs. Mailchimp is the legacy small-business marketing platform with newsletters as one capability alongside landing pages, basic CRM, and marketing automation. Substack is the publication network where writers monetize via paid subscriptions and benefit from the Substack discovery graph. For traditional small-business email marketing, Mailchimp. For writers building a publication with cross-discovery network effects, Substack. They barely compete despite the surface overlap.","Small businesses, e-commerce operators, traditional marketing teams running email campaigns as one channel.","Writers, journalists, essayists building publications with paid subscriptions and discovery via the Substack network.","You are a small business or e-commerce operator running marketing email as one channel among many.|You need landing pages, basic CRM, customer journey automation alongside email.|Your audience expects familiar marketing email aesthetics, not publication-style writing.",You are a writer building a publication and want the Substack network to drive discovery.|You monetize primarily through paid subscriptions to your writing.|You value the writer-first publication aesthetic over marketing-email tooling.,8,"Mailchimp and Substack both ship emails but solve fundamentally different jobs. Mailchimp is the small-business marketing platform that happens to include newsletters; Substack is the writer-first publication network with paid subscription monetization built in. They appear in comparison searches because both contain 'newsletter' but the audiences barely overlap. For small business marketing, Mailchimp. For writer-built publications, Substack. The mistake is comparing them as if they served the same buyer.",depends,"If your indie SaaS uses email primarily for marketing automation alongside landing pages and customer journeys, Mailchimp (or modern alternatives like Customer.io). If you are building a content business or publication where the writing IS the product, Substack. Most indie SaaS founders should not be on either — modern SaaS email platforms (Loops, Resend with audiences, Kit) match the indie-SaaS workflow better than legacy Mailchimp or writer-focused Substack.",newsletter|marketing-vs-publication|legacy-vs-modern|different-jobs,2026-05-18,https://unlocksaas.com/vs/mailchimp-vs-substack,https://unlocksaas.com/vs/mailchimp-vs-substack/md
figma-vs-canva,Figma,Canva,figma,,https://www.figma.com/,https://www.canva.com/,Design and prototyping,Figma is the professional product design tool. Canva is the everyone-can-design template platform. Different design jobs at different complexity levels.,"Figma and Canva both let people design visual content but at completely different complexity levels. Figma is the professional product design tool for designers building product UI, design systems, and complex prototypes. Canva is the everyone-can-design template platform for marketers, small businesses, and non-designers creating social posts, presentations, and basic marketing assets. For professional design work, Figma. For template-driven content creation by non-designers, Canva. The audiences barely overlap despite both being in 'design.'","Professional designers, product teams, design system builders, anyone designing software UI or complex collaborative design work.","Marketers, small businesses, non-designers creating social media graphics, presentations, basic marketing assets from templates.","You design software product UI, complex prototypes, or design systems.|You collaborate with developers who need design specs and asset handoff.|Your work requires component-based design thinking with reusable design tokens.","You are a non-designer creating social media posts, presentations, or basic marketing materials.|You value the massive template library and stock asset ecosystem.|Your work is graphic content creation, not interactive product design.",9,"Figma and Canva both create visual content but at completely different complexity levels for completely different buyers. Figma is the professional design tool for designers building product UI and complex collaborative design. Canva is the everyone-can-design template platform for marketers and small businesses creating content from templates. The comparison appears in searches because both contain 'design' but the buyer profiles barely overlap. For product design teams, Figma. For non-designers creating marketing graphics, Canva. The mistake is forcing one onto a team that fits the other.",depends,"Use both for different jobs. Figma for product UI design and any complex collaborative design work. Canva for social media graphics, presentations, basic marketing assets, ad creatives. Most indie founders end up with both — Figma at the bottom of the product stack, Canva for the everyday content creation needs.",design|professional-vs-everyone|different-complexity|design-floor-vs-ceiling,2026-05-18,https://unlocksaas.com/vs/figma-vs-canva,https://unlocksaas.com/vs/figma-vs-canva/md
notion-vs-confluence,Notion,Confluence,notion,confluence,https://www.notion.so/,https://www.atlassian.com/software/confluence,Knowledge management and wiki,"Notion vs Confluence is the bottom-up consumer-led workspace versus the top-down enterprise-installed wiki. Same job, opposite buyer.","Notion grew bottom-up from individual users into teams and ships a flexible block-based workspace. Confluence ships as part of the Atlassian suite and is installed top-down by IT departments alongside Jira. Indie founders, small teams, and startups almost always pick Notion for flexibility and onboarding; enterprises with existing Atlassian footprints stay on Confluence for SSO, governance, and Jira integration.","Indie founders, startups, and small-to-mid teams who want a flexible workspace they can shape per use-case without IT involvement.","Enterprises already on Atlassian (Jira, Bitbucket) who need a wiki tightly integrated with their existing engineering and project workflows.","You want a workspace that doubles as docs, wiki, lightweight database, and project tracker without paying for separate tools.|Your team is small enough that onboarding speed and template flexibility matter more than governance and compliance tooling.|You value the modern block-editor UX and can live without deep enterprise SSO and audit features (or are on a plan that includes them).","Your engineering org already lives in Jira and you want documentation that links cleanly to issues, sprints, and pipelines.|You need enterprise-grade SSO, audit logs, retention policies, and IT governance from day one.|Your buyer is an IT department picking a knowledge platform, not individual teams choosing their workspace.",8,"Notion and Confluence target the same need (a place where team knowledge lives) but were sold to completely different buyers. Notion grew through individual users sneaking it into teams; Confluence was installed by IT departments who had already bought Jira. That difference shows up in every dimension — editor flexibility, integration depth, governance, pricing transparency, and onboarding speed. For a small team picking a wiki today without Atlassian baggage, Notion is almost always the better default. For an enterprise where Jira is already the heartbeat of engineering, Confluence's native integration is hard to beat. The wrong move is forcing one side onto the wrong-shaped org.",A,"For a pre-revenue indie SaaS founder, Confluence's enterprise governance is overhead they will never use, and its Jira integration assumes a Jira footprint they do not have. Notion's free tier and block-editor flexibility get them shipping today with zero friction. The only case for Confluence at this stage is if the founder is already personally embedded in an Atlassian-shop day job and wants familiarity.",wiki|knowledge-management|bottom-up-vs-top-down|work-os,2026-05-18,https://unlocksaas.com/vs/notion-vs-confluence,https://unlocksaas.com/vs/notion-vs-confluence/md
calendly-vs-savvycal,Calendly,SavvyCal,calendly,savvycal,https://calendly.com/,https://savvycal.com/,Scheduling and meeting booking,Calendly is the category default. SavvyCal is the recipient-respecting redesign for senders who hate sending a one-sided calendar link.,"Calendly invented the modern scheduling category and is the default in B2B. SavvyCal was built by Derrick Reimer specifically to fix the social asymmetry of one-sided Calendly links — its overlay-on-the-recipient's-calendar UX is a deliberate counter-design. For most B2B sales motions Calendly remains the default; for senders who care about how the request feels to the recipient (founders, consultants, customer success), SavvyCal is the considered alternative.","B2B sales teams, customer success, and anyone whose audience already expects a Calendly link with no friction or commentary.","Founders, consultants, and senders who book meetings with peers and want a more respectful, recipient-friendly scheduling UX.","Your audience is conditioned to Calendly links and reads them as professional default rather than a social misstep.|You need the most mature ecosystem of integrations and routing forms for a sales team motion.|You want the category default with the broadest CRM, marketing automation, and embed compatibility.","You schedule with peers and want a UI that overlays your availability on the recipient's calendar instead of demanding they pick from a one-sided list.|You value craft, polish, and a sender experience that signals respect over category dominance.|You are a solo founder or consultant whose meeting requests should feel personal, not transactional.",8,"Calendly won the scheduling category by making the link the default — and the link is also its most-criticised social pattern. SavvyCal built an entire product around fixing that single objection: overlay the recipient's calendar so the meeting request feels mutual rather than one-sided. For B2B sales teams whose recipients expect transactional booking, Calendly's ecosystem and depth are still hard to beat. For founders and consultants whose meetings are peer-to-peer, SavvyCal's UX choices map directly to the social context that actually matters. Pick by who is reading your link, not by which tool has more integrations.",B,"For an indie founder, almost every meeting is peer-to-peer (other founders, early customers, advisors). SavvyCal's overlay UX makes those requests land better. Calendly is technically more capable, but the capability is built for sales teams, not for the meeting shapes a pre-revenue indie founder is actually scheduling.",scheduling|category-default-vs-craft|b2b|recipient-experience,2026-05-18,https://unlocksaas.com/vs/calendly-vs-savvycal,https://unlocksaas.com/vs/calendly-vs-savvycal/md
substack-vs-ghost,Substack,Ghost,substack,ghost,https://substack.com/,https://ghost.org/,Newsletter and publishing platforms,"Substack is the hosted creator network with paid newsletters built in. Ghost is the open-source platform you own end-to-end, with no platform tax.","Substack is a managed creator network: zero setup, built-in discovery and recommendations, takes ~10% of paid-subscription revenue. Ghost is an open-source publishing platform you self-host or run on Ghost(Pro), with no revenue cut beyond Stripe fees and full ownership of design, domain, and audience. Writers who want the discovery boost and minimum-friction launch pick Substack; writers who want full control, custom branding, and zero platform tax pick Ghost.",Writers who want to launch a paid newsletter in an afternoon and benefit from Substack's recommendation network for discovery.,"Writers and small publishers who want full design and brand control, zero platform revenue cut, and a path to a fully-owned audience.","You are launching a new newsletter and the network effects (recommendations, leaderboards, Substack app) outweigh the 10% revenue cut.|You do not want to manage hosting, design, or platform configuration — you want to write today.|Your audience is comfortable subscribing inside the Substack ecosystem and you want the social-network surface bundled in.","You want to own your domain, design, code, and audience without renting from a creator network.|Your subscription revenue at scale makes the 10% Substack cut materially expensive compared to Ghost's Stripe-fee-only model.|You want a fully customisable site that is closer to a publication than a profile on a network.",9,"Substack and Ghost are both excellent at what they do, but they answer different questions. Substack is the right answer when discovery is the bottleneck and you want a managed network to amplify a newsletter — the 10% cut buys real distribution. Ghost is the right answer when ownership and economics are the bottleneck — you trade the network for full control and a structurally cheaper revenue model at scale. The wrong move is paying the Substack cut at $200k ARR because you never migrated, or choosing Ghost when you have zero existing audience and no plan to drive your own discovery.",depends,"Indie founders building a newsletter AS the product (where subscriber count and discovery are the main growth lever) usually do better on Substack early, then migrate to Ghost if revenue scales. Indie founders building a newsletter as one channel for a SaaS or productized service — where audience ownership and integration with their stack matters — usually do better on Ghost from day one. The deciding factor is whether the newsletter is the product or a channel to the product.",newsletter|publishing|hosted-vs-self-hosted|creator-economy,2026-05-18,https://unlocksaas.com/vs/substack-vs-ghost,https://unlocksaas.com/vs/substack-vs-ghost/md
airtable-vs-monday,Airtable,Monday.com,airtable,monday,https://www.airtable.com/,https://monday.com/,Work-OS and no-code data platforms,"Airtable is a flexible database with workflow on top. Monday is a project-management surface with database underneath. Same overlapping space, opposite starting points.","Airtable started as a spreadsheet-database hybrid and grew workflow features around the data layer. Monday started as a project-management board and grew structured data features around the workflow layer. For teams whose primary need is structuring complex data, Airtable wins. For teams whose primary need is coordinating team work with structure layered on, Monday wins. The wrong move is forcing one onto the other's strength.","Teams whose primary problem is structuring relational data — CRMs, content calendars, inventory, applicant tracking — that downstream workflows reference.","Teams whose primary problem is coordinating team work — campaigns, projects, sprints — that benefit from structured records but are not data-first.","You need true relational fields, complex linked records, and views that act like a real database.|Your use-case is data-shaped first (a CRM, content calendar, ops tracker) and workflow comes second.|Your team includes power users comfortable thinking in terms of bases, tables, and relations.","Your use-case is workflow-shaped first (campaigns, projects, sprints) and structured data is a secondary need.|Your team is non-technical and prefers visual boards, timelines, and Gantt views over base/table mental models.|You need an out-of-the-box project management feel with templates per department (marketing, ops, sales).",8,"Airtable and Monday compete more by territorial drift than by direct substitution. Airtable's center of gravity is structured data; Monday's is team-coordinated work. Both expanded outward and overlap in the middle (lightweight project tracking on Airtable, structured boards on Monday) but each is most valuable at its origin. The cleanest decision rule: if the question 'how is my data shaped' is harder than 'how is my work coordinated', pick Airtable. If the opposite, pick Monday. Buyers who pick on price or templates almost always end up regretting the side that did not match their core problem.",A,"Most indie SaaS founders have data-shaped problems (lead tracking, content pipelines, customer ops, applicant pipelines) more than they have team-coordination problems — there is rarely a 'team' to coordinate. Airtable's pricing model (editors vs read-only collaborators) and relational depth fits those use-cases. Monday makes more sense once the team grows and project-management features become the primary draw.",work-os|no-code|database-vs-workflow|different-strengths,2026-05-18,https://unlocksaas.com/vs/airtable-vs-monday,https://unlocksaas.com/vs/airtable-vs-monday/md
unlock-saas-vs-clickfunnels,Unlock SaaS,ClickFunnels,,,https://unlocksaas.com/,https://www.clickfunnels.com/,Funnel and offer tooling,"Unlock SaaS and ClickFunnels both come out of the Brunson framework, but they solve different stages of the same founder journey.","ClickFunnels is the full funnel-builder platform Russell Brunson built — drag-and-drop pages, email, members area, payments — priced for marketers who already know who they sell to. Unlock SaaS is a diagnostic + playbook for post-launch pre-revenue SaaS founders who have shipped a product, posted on launch day, and have a flat Stripe line. The bottleneck Unlock SaaS targets is upstream of any page builder. Indie founders pre-MRR pick Unlock SaaS; teams running an existing funnel that needs more pages pick ClickFunnels.","Post-launch pre-revenue SaaS founders who already have a product live, do not need another page builder, and need to name the upstream offer flaw before any funnel software helps.","Marketers, coaches, course creators, and product teams who already have a validated offer and a buyer they can name, and need a mature funnel-building platform with pages, email, members area, and payments under one roof.","You already shipped a SaaS, posted launch day, and watched Stripe stay flat. The bottleneck is not your page builder.|You want a diagnostic that labels what is actually wrong (Wrong Person, Weak Offer, Weak Belief) before any tool change.|You want a code-enforced 60-day refund tied to a real Stripe charge, not a money-back policy you have to email support to claim.","You already know exactly who you sell to and what you sell, and you need a mature drag-and-drop builder to ship pages, email, and members area without stitching tools together.|You run an existing offer with positive ROAS and the next constraint is funnel A/B testing infrastructure, not the upstream offer.|You sell info products, coaching, or e-commerce funnels — categories where ClickFunnels has years of template depth that a SaaS-focused playbook cannot match.",8,"ClickFunnels and Unlock SaaS sit at different layers of the same founder journey, both descended from the same Brunson framework. ClickFunnels is the platform you reach for once you can name your buyer and your offer with conviction. Unlock SaaS is the diagnostic that fires before that point — when you have a live product and a flat Stripe line and cannot name what is wrong. The honest verdict is that they are not substitutes. A post-launch pre-revenue SaaS founder who pays $297/mo for ClickFunnels before they can answer the upstream questions has bought a more expensive instance of the same problem. A team already running a profitable funnel that wants a deeper page builder does not need a diagnostic — they need the platform.",A,"An indie SaaS founder who is post-launch and pre-revenue should not be paying $97–$297/mo for a page builder before they have named the buyer and the offer. The diagnostic labels the upstream flaw for free; the $49 playbook ships the next move. If MRR is positive and the bottleneck is genuinely funnel infrastructure, ClickFunnels becomes the right tool — but that is a different stage.",brunson|funnel-platform|diagnostic|indie-saas|first-party,2026-05-21,https://unlocksaas.com/vs/unlock-saas-vs-clickfunnels,https://unlocksaas.com/vs/unlock-saas-vs-clickfunnels/md
unlock-saas-vs-shipfast,Unlock SaaS,ShipFast,,,https://unlocksaas.com/,https://shipfa.st/,Indie SaaS launch tooling,"ShipFast and Unlock SaaS both target indie SaaS founders, but ShipFast ships the code and Unlock SaaS ships the conversation that follows launch day.","ShipFast is Marc Lou's Next.js boilerplate ($299 lifetime) that gets a SaaS from zero to deployed in days — auth, payments, emails, SEO, landing page templates all wired. Unlock SaaS is a diagnostic and playbook for the next problem: the SaaS is live, the launch tweet went out, and Stripe is still flat. The two are complementary, not substitutes. Founders pre-ship pick ShipFast; founders post-ship-pre-revenue pick Unlock SaaS; founders mid-cycle often need both.","Post-launch pre-revenue indie SaaS founders whose product is already live and whose Stripe line is flat, regardless of which starter kit shipped the code.","Pre-launch indie SaaS founders who want a battle-tested Next.js boilerplate with auth, Stripe, Resend, SEO, blog, and landing templates so they can ship a working product in days, not weeks.","Your product is already live (built with ShipFast or anything else) and the bottleneck is not code — it is that nobody is paying.|You need to name your buyer and your offer with enough specificity that a stranger can decide in 90 seconds whether to pay.|You want a code-enforced 60-day Stripe-verified guarantee tied to a real customer charge, not just a refund policy.","You have not shipped your SaaS yet, you want a clean Next.js + Stripe + Supabase + Resend starter, and you value the time saved over building from scratch.|You want Marc Lou's curated component library, SEO blog template, and one-shot deployment workflow so you can focus on the product, not the plumbing.|You want the lifetime-deal price model and indie-friendly Discord community around the kit.",8,"ShipFast is the canonical indie-SaaS boilerplate in 2026; Marc Lou built it because the answer to 'why am I not paying customers' was almost never 'because the auth flow took a week.' Unlock SaaS exists for the founder who used ShipFast (or anything like it), shipped fast, posted the launch tweet, and now stares at a flat Stripe line wondering what to do. The two are stage-complementary, not substitutes. A founder who buys ShipFast at zero MRR and then buys Unlock SaaS at zero MRR has spent $348 and gained the two distinct primitives that the rest of the year either compounds or wastes: a shipped product and a labelled flaw to work on next.",depends,"Pre-launch indie founders pick ShipFast. Post-launch pre-revenue indie founders pick Unlock SaaS. Founders mid-cycle (shipped via ShipFast, no MRR yet) get the highest combined value from running the free Unlock SaaS diagnostic on the live ShipFast deployment, then deciding whether to invest in the $49 playbook or to iterate on the offer themselves.",indie-saas|ship-fast|boilerplate|post-launch|first-party,2026-05-21,https://unlocksaas.com/vs/unlock-saas-vs-shipfast,https://unlocksaas.com/vs/unlock-saas-vs-shipfast/md
unlock-saas-vs-founder-coaching,Unlock SaaS,1-on-1 Founder Coaching,,,https://unlocksaas.com/,,Founder support and coaching,"Unlock SaaS and 1-on-1 founder coaching both target the founder who has shipped and is stuck, but they price and deliver at different orders of magnitude.","1-on-1 founder coaching ($300–$1,500/hr in the indie-SaaS world) is a live human reading your business and pushing back in real time. Unlock SaaS is a productized diagnostic + playbook + Brunson framework chain at $49/mo with a 60-day Stripe-verified guarantee. The honest verdict: coaching wins on context and pushback; Unlock SaaS wins on cost, speed, and code-enforced accountability. Founders pick coaching when the bottleneck is genuinely human judgement on a unique situation; founders pick Unlock SaaS when the bottleneck is the work that the framework already names.","Post-launch pre-revenue indie SaaS founders who recognize their bottleneck in one of three labelled diagnoses (Wrong Person, Weak Offer, Weak Belief) and want a productized playbook before they commit to a high-ticket human relationship.","Founders in a unique or high-stakes situation (acquisition negotiation, co-founder breakup, regulatory pivot, sub-strategy on a $1M+ ARR business) where the value of a human pattern-matcher's live judgement outweighs any productized playbook.","Your situation matches the canonical indie-founder profile (post-launch, pre-revenue, indie SaaS, flat Stripe line) and you suspect the bottleneck is one of the three labelled flaws.|You want a code-enforced 60-day refund tied to a real Stripe charge, not a relational refund you have to renegotiate with a coach.|You want the playbook on demand at $49/mo, not 60-minute calls priced for a buyer with VC funding.","You are in a unique situation that does not fit the canonical indie-founder profile, and the value of a human reading your specifics outweighs the productized playbook.|You are at $10K+ MRR and the next decision is high-stakes (raise, sell, pivot, fire) where the cost of being wrong dwarfs the cost of the coach.|You learn fastest through live pushback and real-time Socratic dialogue rather than written playbooks and self-directed work.",8,"Coaching and Unlock SaaS are not the same product priced differently — they are different products that overlap on a small slice of the founder journey. A live human coach who has shipped multiple SaaS, raised capital, and exited can deliver pattern-match value that no productized playbook can match — and they price accordingly. Unlock SaaS productizes the slice of that work that maps to a labelled, repeatable diagnostic: the canonical post-launch pre-revenue indie SaaS founder whose offer is broken in one of three ways. For that founder, paying a coach $1,500/hr to confirm what the diagnostic returns for free is bad capital allocation. For the founder whose situation does not fit the diagnostic — late-stage decisions, unique market dynamics, founder-psychology work that requires a relationship — the coach is the right call and the productized playbook will under-serve.",A,"An indie SaaS founder at zero MRR cannot afford 1-on-1 coaching at indie-SaaS market rates and rarely needs a coach's full bandwidth — the bottleneck is almost always the work the framework already names, not bespoke pattern-match. The honest sequence is: run the free diagnostic, run the $1 Starter, commit to the $49/mo playbook for 60 days under the code-enforced guarantee. If after 60 days the founder hit a customer, the work continues; if not, the refund fires automatically and a coach becomes the right next call.",founder-coaching|productized-vs-bespoke|indie-saas|guarantee|first-party,2026-05-21,https://unlocksaas.com/vs/unlock-saas-vs-founder-coaching,https://unlocksaas.com/vs/unlock-saas-vs-founder-coaching/md
clickfunnels-vs-unlocksaas,ClickFunnels,Unlock SaaS,,,https://www.clickfunnels.com/,https://unlocksaas.com/,Funnel and sales playbook tools,ClickFunnels builds the funnel before you launch. Unlock SaaS runs the playbook after you launched and nobody paid you yet.,"ClickFunnels ($97–$297/mo) is a drag-and-drop funnel builder: you build pages, add email sequences, host courses. Unlock SaaS ($1 tripwire + $49/mo) is a post-launch playbook: you already shipped, nobody paid, you need the first verified Stripe charge. If your product is not live yet, use ClickFunnels. If it is live and your Stripe is at zero, Unlock SaaS is the tool built for exactly that gap.","Founders who have not launched yet and need drag-and-drop page-building, integrated email/CRM, and Brunson's community and inner circle around them.","Founders who launched and still have zero paying customers — who need a post-launch playbook, not more infrastructure to build before anyone pays.","You have not launched and need to build your funnel, landing pages, and opt-in sequences from scratch.|You want one platform that bundles a page builder, email marketing, CRM, and course hosting under a single subscription.|You are deep in the Brunson ecosystem and want direct access to his community, OFA Challenge training, and inner-circle events.","Your product is live, your Stripe dashboard shows $0, and you need the first verified customer charge within 60 days.|You want Brunson's Hook / Story / Offer methodology applied specifically to your post-launch situation — without paying for a full funnel builder you do not need yet.|You want a Stripe-webhook-verified accountability mechanism: the refund fires automatically on day 60 if no customer charge lands.",9,"ClickFunnels is the right tool if you need to build funnel infrastructure and you want Brunson's ecosystem tightly integrated. It is a genuinely good product for that job. Unlock SaaS is the right tool if your funnel already exists and your Stripe account is still at $0 — the problem it solves is post-launch motion, not pre-launch build. Most founders who come to Unlock SaaS after trying ClickFunnels say the same thing: they built a beautiful funnel and then did not know what to do next. That is the gap Unlock SaaS was built for.",depends,"If you have not launched, ClickFunnels may be premature — you do not need a full funnel builder yet. If you launched and are at $0, ClickFunnels adds infrastructure to a distribution problem: you do not need more pages, you need the right outreach to the right person. Use Unlock SaaS for the post-launch motion. If you scale past your first customers and need a full funnel build-out, add ClickFunnels at that point.",funnel-builder|post-launch|brunson-methodology|indie-saas|first-party,2026-05-21,https://unlocksaas.com/vs/clickfunnels-vs-unlocksaas,https://unlocksaas.com/vs/clickfunnels-vs-unlocksaas/md
shipfast-vs-unlocksaas,ShipFast,Unlock SaaS,,,https://shipfa.st/,https://unlocksaas.com/,Funnel and sales playbook tools,ShipFast ships the product in a week. Unlock SaaS gets the first paying customer after you shipped.,"ShipFast ($199–$299 one-time) is a Next.js boilerplate: Stripe, auth, email, and database wired up so you can launch fast. Unlock SaaS ($1 tripwire + $49/mo) is a post-launch playbook for founders who already shipped — possibly with ShipFast — and still have no paying customers. These products are complementary: ShipFast handles the build, Unlock SaaS handles the sell.","Developers and technical founders who want to skip the authentication, payment, and email boilerplate and ship a working SaaS in days rather than weeks.",Founders who shipped their SaaS — with ShipFast or anything else — and are still at $0 in Stripe with no clear path to the first paying customer.,"You want to launch a Next.js SaaS in days rather than weeks and need auth, Stripe, and email wired up without building from scratch.|You are technical and value one-time pricing over a recurring subscription for your infrastructure scaffolding.|You want access to Marc Lou's Discord community of makers and the leaderboard surface for early traction.","Your product is already live — built with ShipFast, a custom stack, or anything else — and your Stripe dashboard still shows $0.|You know how to build but are not sure who to target, what to say, or how to get someone to pay you for the thing you shipped.|You want a Stripe-webhook-verified guarantee: 60 days, the right outreach motion, and a refund if no verified charge lands.",8,"ShipFast and Unlock SaaS are not competitors. ShipFast is the fastest path from idea to shipped product for technical founders. Unlock SaaS is the fastest path from shipped product to first paying customer. If you used ShipFast and your Stripe is still at zero, you do not have a build problem — you have a distribution problem. The honest answer is: use both. Ship fast, then sell systematically.",depends,"If you have not shipped yet and you are technical, ShipFast is a strong first buy. It compresses weeks of boilerplate work into days and the one-time price is fair. Once you ship, if you do not have paying customers within a few weeks, that is when Unlock SaaS becomes the right next investment. The sequence matters: build first, then run the sales playbook. Buying Unlock SaaS before you have a product is premature; buying ShipFast after you have a product but no customers does not solve the right problem.",nextjs-boilerplate|post-launch|complementary|indie-saas|first-party,2026-05-21,https://unlocksaas.com/vs/shipfast-vs-unlocksaas,https://unlocksaas.com/vs/shipfast-vs-unlocksaas/md
dotcom-secrets-vs-unlocksaas,DotCom Secrets,Unlock SaaS,,,https://dotcomsecrets.com/,https://unlocksaas.com/,Funnel and sales playbook tools,"DotCom Secrets teaches the Brunson methodology. Unlock SaaS runs it, specifically for post-launch solo SaaS founders.","DotCom Secrets (free + shipping or ~$10 on Amazon) is Russell Brunson's foundational book: Hook / Story / Offer, the Value Ladder, Dream 100. The One Funnel Away Challenge (bundled with ClickFunnels at $97/mo) applies the method in a 30-day curriculum. Unlock SaaS ($1 tripwire + $49/mo) is built on top of those frameworks and operationalizes them for solo post-launch SaaS founders specifically — with a Stripe-verified accountability guarantee. Read DotCom Secrets first. Then use Unlock SaaS to run it.","Anyone who wants to understand how high-converting funnels are built — the theory, the vocabulary, and the framework behind every funnel Brunson has ever published.","Founders who shipped a SaaS, understand the Brunson methodology (or are willing to learn it fast), and need a tool that runs the playbook with Stripe-verified accountability.","You want to understand the theory behind Hook / Story / Offer and the Dream 100 before you apply it to your own funnel.|You are new to Brunson's world and want the foundational mental models in a readable, low-cost format.|You want access to the broader ClickFunnels ecosystem, OFA Challenge curriculum, and Funnel Hacking Live events.","You have already read DotCom Secrets (or are willing to learn the methodology) and want a tool that runs the playbook on your specific post-launch SaaS.|You want the Brunson framework chain applied to your actual ICP, your actual offer, and your actual outreach — not a general curriculum.|You want a 60-day Stripe-verified refund: code-enforced, no negotiation, fires automatically if no customer charge lands.",8,"DotCom Secrets is a better first investment than Unlock SaaS for anyone who has not read it. The book is nearly free and it is the source of everything Unlock SaaS is built on. Read it before you buy anything else. The One Funnel Away Challenge is Brunson's live application of the methodology — high-quality, well-run, and community-backed. The honest gap it leaves for solo SaaS founders is specificity: the OFA curriculum is general, and a post-launch SaaS with no paying customers has a specific problem (wrong person, weak offer, or weak belief) that the generic curriculum does not diagnose. Unlock SaaS fills that gap with a diagnostic, a Stripe-verified playbook, and a code-enforced refund. Neither product makes the other wrong.",depends,Read DotCom Secrets first — it is nearly free and it is the best intellectual grounding for the Brunson methodology. Then use Unlock SaaS to operationalize it on your specific post-launch SaaS situation. The sequence matters: the book gives you the mental model; the playbook runs it with accountability. Buying Unlock SaaS without the mental model is building on sand. Reading DotCom Secrets without the doing-environment often produces a founder who understands the theory and still has zero customers.,brunson-methodology|dotcom-secrets|post-launch|indie-saas|first-party,2026-05-21,https://unlocksaas.com/vs/dotcom-secrets-vs-unlocksaas,https://unlocksaas.com/vs/dotcom-secrets-vs-unlocksaas/md
