slug,display_name,creator,category,one_line,tldr,what_they_sell,who_for,pricing_model,payment_frequency,free_trial_behavior,tier_count,anchor_pattern,anchor_analysis,upgrade_trigger_pattern,upgrade_trigger_analysis,whats_working,what_to_adapt,what_to_avoid,brunson_stack,brunson_value_ladder,brunson_decoy_or_anchor,brunson_payment_mechanics,tags,homepage_url,pricing_page_url,last_verified,canonical_url,markdown_url
tally,Tally,Marie Martens and Filip Minev,Forms and surveys,"Tally prices on a structural promise (free forever, unlimited) and lets the brand-removal pain handle the upgrade.","Tally's pricing page is a single structural promise (free forever, unlimited forms, unlimited submissions) plus a paid tier that removes the Tally brand and unlocks logic. The free tier is not a trial; it IS the offer. The lesson for indie founders: when the incumbent monetizes per-submission, leading with unlimited becomes the entire pricing strategy.",A forms and surveys product that competes against Typeform on price model.,"Creators, indie founders, small teams who refuse per-submission paywalls.",Freemium with structural anchor on free tier,Monthly subscription with annual discount available,No trial because the free tier IS production-grade for most use cases.,3,Free as anchor,"The free tier is the page's center of gravity. Pro and Business exist for buyers who self-select into the upgrade. The anchor strategy is inverted from typical SaaS: instead of pricing the highest tier first to make the middle tier look reasonable, Tally prices the floor first and lets the paid tiers feel optional rather than necessary.",Brand removal at marketing-surface deployment,"The free tier includes a small Tally attribution. The upgrade trigger fires when the founder is ready to publish a form on their public marketing site without third-party branding. This is a behaviorally-aligned trigger: willingness-to-pay spikes precisely when the founder wants to look professional, not before.","Free-forever-unlimited compresses the entire pricing strategy into one promise readers retain after closing the tab.|Brand removal as upgrade trigger aligns the charge to the moment the buyer's willingness-to-pay structurally rises.|Tier names (Free, Pro, Business) are category-conventional, which removes friction in evaluation.|Annual discount captures the small percentage of buyers ready to commit yearly without forcing the choice on monthly buyers.|Pricing page lists what each tier includes positively, not what is missing — avoids the loss-aversion trap.","Pick one structural pricing promise the incumbent cannot match without breaking their model. Then lead with it.|Place the upgrade trigger at the moment willingness-to-pay structurally spikes, not at an arbitrary feature count.|Use category-conventional tier names. Cute names (Sapling, Sprout, Tree) add friction; Free, Pro, Business does not.","Do not lead with free-forever-unlimited if your marginal cost per user is meaningfully positive. The model only works when free users cost you near zero.|Do not assume the brand-removal trigger works for non-public outputs. If your buyer does not publish your tool's output, the upgrade never fires.","Inverted stack — value is concentrated on the free tier, paid tiers are usage extensions.",Two-rung ladder: free (lead) plus paid (subscription core). No high-ticket back-end.,"Free-as-anchor — the page's price gravity is the floor, not the ceiling.",Monthly subscription with optional annual discount; no usage metering.,freemium|brand-removal-trigger|two-rung-ladder|category-anchor,https://tally.so/,https://tally.so/pricing,2026-05-17,https://unlocksaas.com/pricing-teardown/tally,https://unlocksaas.com/pricing-teardown/tally/md
lemonsqueezy,Lemon Squeezy,JR Farr and team (acquired by Stripe in 2024),Payments and Merchant of Record,Lemon Squeezy collapses MoR plus checkout plus subscriptions into one percentage. The bundle hides the per-feature comparison.,"Lemon Squeezy prices as a single percentage-plus-fixed-fee per transaction with Merchant of Record service included. There is no per-feature pricing page to compare against Stripe. The lesson: when you bundle multiple SaaS categories at one price, the buyer evaluates on outcome (compliance handled) rather than parts.",Merchant of Record payments platform for digital products and SaaS.,Indie founders selling globally who do not want to register for VAT or sales tax in every jurisdiction.,"Single transaction-based percentage plus fixed fee, MoR bundled",Per-transaction; no monthly base fee,No subscription to trial — pricing is purely transactional. Account is free to create; you pay when you collect.,1,Single-line anchor,Pricing is one line. There is no anchor tier because there are no tiers. The page is structured so the reader cannot comparison-shop against Stripe's transaction fee in isolation — they must evaluate the bundled outcome (compliance + checkout + subscriptions) against the unbundled Stripe + Paddle Tax stack.,First international sale,There is no upgrade trigger in the traditional sense. The structural upgrade trigger that drives a founder TO Lemon Squeezy is the first international sale that exposes them to VAT or sales-tax registration. Lemon Squeezy's pricing model is calibrated to be cheaper than the time-cost of handling that compliance themselves.,"Single price line removes the per-feature comparison shootout against Stripe.|Bundled MoR service captures buyers at the compliance pain spike, not at the payment-processor evaluation.|No subscription base fee aligns the platform's revenue with the customer's revenue, which lowers commitment friction.|Pricing page lists what is included extensively (15+ features at one price), inflating the perceived bundle value.|No annual commitment requirement, no minimum volume, fits the indie buyer's distrust of long-term contracts.","If you sit in a category dominated by a price-leader incumbent, bundle compatible services at one price to escape the per-feature shootout.|Align your pricing with the customer's revenue when possible. Per-transaction or per-result pricing has lower commitment friction than monthly subscription.|List what is included extensively on the pricing page. A long bundle list inflates perceived value before the price is processed.","Do not bundle features you do not ship at production quality. The bundle promise is fragile until each part is verifiable.|Do not use percentage-based pricing if your buyer's volume is unpredictable or low. The buyer's mental math fails and they overestimate their cost.|Do not adopt MoR positioning without the legal and operational capacity to back it. MoR is a regulatory commitment, not a marketing one.","Bundle stack — one price, 15+ included items listed individually to inflate perceived value.","Single transactional rung (no front-end free, no back-end high-ticket). Per-transaction recurring becomes the subscription dynamic.",Single-line pricing eliminates anchor mechanics; the entire page is the anchor.,"Pure transactional. No monthly base, no annual commitment. Aligned to customer revenue.",bundle-pricing|transactional|single-line|category-reframe,https://www.lemonsqueezy.com/,https://www.lemonsqueezy.com/pricing,2026-05-17,https://unlocksaas.com/pricing-teardown/lemonsqueezy,https://unlocksaas.com/pricing-teardown/lemonsqueezy/md
notion,Notion,"Ivan Zhao, Simon Last and team",Productivity and workspace,"Notion uses a generous personal-free tier as the viral acquisition channel, then ladders teams up through workspace and AI tiers.","Notion's pricing structure is built around a personal-free tier that is good enough for indie use but creates friction at the team-collaboration boundary. The Team tier (~$10/seat/mo) is the trigger; Business and Enterprise climb from there. AI is priced as an add-on rather than a tier, which lets Notion add new revenue without disturbing the seat ladder. The lesson: personal-free can drive team-paid if the friction sits at the right boundary.","A workspace product combining notes, docs, wikis, databases, and project management in one canvas.","Individuals, small teams, and growing companies who want a flexible workspace instead of separate tools per use case.",Per-seat tiered subscription with personal-free entry and AI add-on,"Monthly or annual, with annual discount",No trial on paid tiers — the Free tier IS the trial. Users self-upgrade when collaboration friction emerges.,5,Business tier as anchor,Business at approximately $18/seat/mo anchors the page. Plus at approximately $10/seat/mo reads as the reasonable team starting point by comparison. Enterprise is the conversation-starter for anyone who recoils at the published Business price. The anchor is doing two jobs: making Plus look affordable AND making Enterprise feel like a custom call.,Team-collaboration boundary,"Free tier supports individuals plus limited guest sharing. The trigger fires when the team grows past the guest limit or when a coworker needs full editing rights, not just view access. The trigger is structural to how teams form, not feature-based — which is why the conversion rate from personal-free to team-paid is the strongest part of Notion's funnel.","Personal-free tier is good enough for real individual use, which seeds viral adoption inside companies.|Team-collaboration boundary as upgrade trigger captures conversion at the moment a personal tool becomes a team tool.|AI priced as add-on rather than tier lets Notion add revenue without disturbing seat-ladder psychology.|Business tier anchors page; Plus reads as reasonable by comparison; Enterprise sits ready for procurement.|Annual discount captures price-sensitive small teams; monthly option captures hesitant teams.|Custom Enterprise tier handles the largest deals without exposing the price to seat-counting competitors.","If you can place the upgrade trigger at a structural boundary (team formation, new use case, scale threshold), the trigger fires without you having to engineer it.|Price new feature categories as add-ons rather than new tiers when they cut across your existing seat structure.|Use a custom Enterprise tier to handle deals that would otherwise force you to publish a price you do not want competitors to see.",Do not launch a personal-free tier if your unit economics do not support it. Notion has venture funding and a long horizon.|Do not adopt seat-based pricing if your product is used by individuals on a team where each seat does not get clear individual value.|Do not bury the upgrade trigger in feature gates. Structural triggers (team formation) convert better than feature gates (limit hit).,Tiered stack with progressive feature additions per rung; Business tier is the visual anchor.,Four-rung ladder (Free → Plus → Business → Enterprise) plus add-on (AI) — full Value Ladder shape.,Business tier as anchor; Plus as the reasonable middle; Enterprise as the procurement door.,Per-seat monthly or annual with annual discount; add-ons priced per-seat orthogonally to tier.,per-seat|freemium|team-trigger|anchor-tier|add-on-pricing,https://www.notion.so/,https://www.notion.so/pricing,2026-05-17,https://unlocksaas.com/pricing-teardown/notion,https://unlocksaas.com/pricing-teardown/notion/md
linear,Linear,"Karri Saarinen, Tuomas Artman, Jori Lallo",Project management for software teams,"Linear's pricing reads like a quiet refusal to compete on price. Two paid tiers, no enterprise theatrics, premium positioning baked into the simplicity.","Linear's pricing is minimalist: Free, Basic, Business, plus a custom Enterprise. The page itself is shorter than most competitors' single-tier descriptions. The simplicity is a positioning move: Linear is for design-conscious teams that resent over-complicated tools, including over-complicated pricing pages. The lesson: pricing-page minimalism can BE the positioning.",Issue tracking and project management built for high-velocity software teams.,Software engineering teams from startups to scale-ups who reject Jira's complexity.,Per-seat tiered subscription with minimalist tier structure,"Monthly or annual, with annual discount",Free tier is the trial; paid tiers have no separate trial period required for evaluation.,4,Restraint as anchor,There is no anchor tier in the traditional sense because there is no tier designed to look expensive. The Business tier at approximately $14/user/mo is the implicit center. The page's psychological anchor is its own brevity: the pricing decision feels low-stakes because the page itself feels low-stakes.,Issue-count cap plus team-feature need,"Free's 250-issue limit is the structural trigger. Beyond that, the upgrade from Basic to Business is driven by cross-team planning needs (cycles, roadmaps, sub-teams). The trigger is layered: first volume, then workflow complexity. Both triggers map to natural team growth, not arbitrary feature gates.","Page minimalism IS positioning. Linear's audience resents enterprise pricing-page theatrics, and the brevity speaks to that audience without copy.|Issue-count cap on free tier creates a structural upgrade trigger that aligns with team growth.|Business tier features (cycles, projects, roadmaps) are the specific things growing software teams actually adopt, so the upgrade trigger is feature-matched.|Enterprise tier is a single sales-contact line, no theater, which matches the audience's preference for direct dealing.|Annual discount captures price-sensitive teams without forcing the choice on the monthly buyer.","Pricing-page minimalism can BE the positioning when your audience resents tooling complexity. Brevity reads as confidence.|Use a volume cap on free tier (not a feature gate) when your buyer's volume scales with team success.|Layer upgrade triggers: volume first (mechanical), then workflow (intentional). Each tier should solve a different scaling problem.","Do not adopt minimalist pricing if your buyer needs the per-feature breakdown to justify procurement. Some audiences require the long page.|Do not skip an Enterprise tier if your audience includes companies with mandatory procurement review. The Enterprise tier exists for the procurement department, not the user.","Restrained stack — minimal feature lists per tier, trusts the buyer to recognize what is included.",Four-rung ladder (Free → Basic → Business → Enterprise) with intentional simplicity at each rung.,No decoy. Business tier sits as the implicit center. Restraint substitutes for explicit anchor mechanics.,"Per-user monthly or annual with annual discount; no usage metering, no add-ons.",per-seat|minimalism|premium-positioning|developer-tools,https://linear.app/,https://linear.app/pricing,2026-05-17,https://unlocksaas.com/pricing-teardown/linear,https://unlocksaas.com/pricing-teardown/linear/md
figma,Figma,Dylan Field and team (acquired by Adobe attempt blocked; remains independent),Design and prototyping,Figma's per-editor pricing converts viewers into a viral acquisition channel and editors into the paid revenue.,"Figma prices on a sharp split: viewers and commenters are free forever; editors pay per seat. This makes every design file shared with developers, PMs, and clients an acquisition asset, while keeping the revenue contained to actual designers. The lesson: when your product has high-multiplier viewers per editor, price the editor and free the viewer.","Collaborative design and prototyping in the browser, plus FigJam whiteboard and Slides.","Designers, product teams, agencies, and developers who collaborate on design.",Per-editor freemium with viewer-free model and tiered team plans,"Monthly or annual, with substantial annual discount",Free tier is the trial for individuals. Teams can start on the paid tier with limited free seats; full evaluation usually happens via the free tier.,4,Enterprise tier as anchor,Enterprise at approximately $75/editor/mo anchors the page. Organization at approximately $45 reads as the reasonable mid-tier for growing companies. Professional at approximately $15 reads as cheap by comparison even though it is the most-purchased tier. Triple anchoring at the top is doing the heavy lifting throughout the page.,Viewer-to-editor role change,"The trigger fires when someone with view-only access (developer, PM, client) needs to make a real edit. Most teams pay because someone on the team transitioned from observer to editor, not because a free editor hit a limit. This is a behavioral trigger driven by org structure changes, not feature gates.","Viewer-free model makes every shared file a viral acquisition asset: developers, PMs, and clients all encounter Figma at zero cost.|Per-editor pricing aligns revenue with the role that gets the most value (designers) and frees the role that drives the most discovery (viewers).|Enterprise anchor at approximately $75/editor/mo makes the Professional tier feel small even at $15/seat/mo.|FigJam priced separately within tiers allows expansion into a new use case (whiteboarding) without disturbing the core design pricing.|Annual discount is large enough to materially shift the buyer toward annual commitment, lowering churn.","If your product has high viewer-to-editor multiplier, free the viewer and price the editor. The viewers become your acquisition channel.|Use Enterprise tier pricing as the anchor even if few buyers reach that tier. Anchoring works on visible price, not on revenue mix.|Sell adjacent use cases (FigJam, Slides) within existing tiers, not as separate products. Bundle expansion captures incremental revenue without churning existing accounts.",Do not free viewers if your viewer role is the actual buyer. Per-editor pricing fails when buyers are evaluators rather than producers.|Do not price Enterprise at an anchor level if you have no real Enterprise customers. The page-credibility cost of an empty anchor is high.|Do not assume per-editor pricing works for non-collaborative tools. The multiplier model requires shared output.,Tiered stack with progressive collaboration features; Enterprise tier is the visual anchor.,Four-rung ladder with viewer-free entry rung that does not count toward seat revenue.,"Triple anchor: Enterprise at the top, Organization as the visible 'mid-market', Professional as the indie tier that looks cheap by comparison.",Per-editor (not per-user) pricing decouples value-capture from acquisition volume.,per-editor|viewer-free|triple-anchor|collaboration,https://www.figma.com/,https://www.figma.com/pricing/,2026-05-17,https://unlocksaas.com/pricing-teardown/figma,https://unlocksaas.com/pricing-teardown/figma/md
vercel,Vercel,Guillermo Rauch and team,Frontend cloud and hosting,Vercel runs a generous hobby-free tier as developer top-of-funnel and lets usage drive the upgrade to Pro and beyond.,"Vercel's pricing places Hobby as a fully-featured free tier for personal projects with strict commercial-use prohibition. Pro at approximately $20/user/mo unlocks commercial use and team features; Enterprise handles custom infrastructure. Usage overages are metered per resource, which makes the bill scale with success. The lesson: a free tier with crystal-clear commercial-use restriction converts solo developers into paid Pro accounts at exactly the moment the product earns revenue.","A frontend cloud platform that hosts Next.js, React, and other modern web apps with edge networking, serverless functions, and developer tooling.","Developers, startups, and enterprises building modern web applications, particularly those using Next.js.",Tiered subscription with per-user base plus metered usage overages,"Monthly per-user base, metered usage billed monthly",Hobby tier IS the trial. The commercial-use restriction is the structural trigger to Pro.,3,"Use-case anchor, not price anchor","The Pro tier's $20/user/mo is not designed to look reasonable next to a higher tier. The anchor is the commercial-use restriction on Hobby: any project that earns revenue must upgrade to Pro. This converts the anchor mechanic from a price-comparison nudge into a binary structural requirement, which is more reliable than psychological anchoring.",Commercial-use boundary,The trigger fires the moment a project transitions from hobby to revenue. This is a structural trigger that fires exactly when willingness-to-pay materializes (the project is now generating money) and exactly when continued use on the free tier becomes a TOS violation. Two-sided alignment.,"Commercial-use boundary as upgrade trigger converts free users at the exact moment they generate revenue.|Per-user base plus metered usage scales pricing with customer success, which lowers commitment friction.|Hobby tier is generous enough that developers ship real projects on it before committing, which builds product habit.|Pro tier price is round and memorable ($20/user/mo) rather than a comparison-shoppable odd number.|Custom Enterprise tier hides infrastructure pricing from competitors while serving the largest deals.|Usage overages metered per resource (bandwidth, function invocations, builds) so the bill maps to specific product behavior the customer can optimize.","Use a structural upgrade trigger (commercial use, team formation, scale threshold) rather than a feature gate when possible. Structural triggers fire predictably at value moments.|If your product has clear hobby vs commercial use cases, use the boundary as the free-to-paid trigger. The TOS line backs up the price line.|Meter usage per specific resource so the customer can optimize their bill, not just absorb it.",Do not free commercial use if your competitive position depends on revenue from small commercial users. Hobby-tier free works because Vercel monetizes the moment revenue starts.|Do not adopt per-user base plus usage pricing if your customer cannot predict their usage. Bill-shock is the biggest churn driver in usage-billed SaaS.|Do not gate features behind tier upgrades if usage metering achieves the same revenue. Feature gates fight the buyer; usage metering aligns with them.,"Tier-plus-meter stack: each tier is a base subscription plus usage overages, which is a hybrid stack pattern.","Three-rung ladder with Hobby as front-end lead funnel, Pro as subscription core, Enterprise as high-ticket back-end.","Structural anchor (commercial-use boundary), not price anchor. The TOS does the work psychology would otherwise do.",Per-user base subscription plus per-resource metered usage. Revenue scales with customer success.,usage-based|commercial-use-trigger|developer-tools|metered,https://vercel.com/,https://vercel.com/pricing,2026-05-17,https://unlocksaas.com/pricing-teardown/vercel,https://unlocksaas.com/pricing-teardown/vercel/md
beehiiv,Beehiiv,Tyler Denk,Newsletter platform,Beehiiv prices on subscriber count and unlocks monetization features tier-by-tier. The ladder is the product.,"Beehiiv's pricing scales by subscriber count, with the higher tiers unlocking the ad network, paid subscriptions, referral mechanics, and the Boost monetization network. The ladder maps to creator maturity: as the newsletter grows, the operator climbs the tier ladder by need rather than by upsell pressure. The lesson: when your product can stack monetization features, the value ladder lives inside the product, not the page.","A newsletter platform with built-in monetization stack: ad network, paid subscriptions, referrals, Boost network.",Newsletter creators treating the newsletter as a business with multiple revenue streams.,Subscriber-count tiered with monetization features unlocking per tier,"Monthly or annual, with annual discount; subscriber-count tiers re-evaluated as audience grows",Free Launch tier is the structural trial. Some Scale features available on a time-limited trial during onboarding.,4,Max tier as anchor,The Max tier at the upper end of approximately $99-499/mo anchors the page for serious operators. Scale at approximately $39-99/mo reads as the reasonable creator-business tier by comparison. Launch is the entry. The anchor is doing the work of making Scale feel like the natural creator-business choice rather than the splurge.,Subscriber-count cap plus monetization need,"Two structural triggers fire together: subscriber growth past the Launch cap forces a Scale upgrade; the need to monetize via paid subscriptions or Boost network forces the same upgrade independently. The double trigger means the conversion fires reliably as creators grow, regardless of which path they take.","Subscriber-count tiering aligns the bill with creator success, which lowers commitment friction for new creators.|Monetization features unlocked per tier turn the pricing ladder into the product roadmap.|Ad network monetization on free tier (above a threshold) gives Launch users a reason to stay AND a reason to upgrade once the cap hits.|Boost network on Scale tier is a sideways acquisition channel — Scale subscribers acquire each other's audiences, paid by Beehiiv.|Round-ish tier names (Launch, Scale, Max) communicate the operator's stage rather than feature breakdown.","If your product can stack monetization features for the buyer, ladder them by tier so the pricing page IS the product roadmap.|Tier by a metric that scales with customer success (subscribers, revenue, transactions) when possible. Per-seat fails for creator products.|Use tier names that communicate stage (Launch, Scale, Max) when buyers want to identify with where they ARE in their journey.",Do not tier monetization features if your product cannot credibly monetize for the buyer. Promising monetization you cannot deliver destroys trust.|Do not use subscriber-count tiering for non-audience products. The model only works when subscriber count maps to value delivered.,Vertical stack — each tier adds monetization mechanisms the prior tier did not have.,Four-rung Value Ladder with monetization stack baked into rung progression.,Max tier as anchor; Scale as the visible creator-business choice; Launch as the entry.,"Per-subscriber-tier monthly or annual subscription; no per-seat, no usage metering.",audience-tiering|monetization-stack|creator-tools|anchor-tier,https://www.beehiiv.com/,https://www.beehiiv.com/pricing,2026-05-17,https://unlocksaas.com/pricing-teardown/beehiiv,https://unlocksaas.com/pricing-teardown/beehiiv/md
cal-com,Cal.com,Peer Richelsen and Bailey Pumfleet,Scheduling,"Cal.com prices in three tracks: free hosted, paid teams, free self-host. The split serves three different buyer types from one page.","Cal.com runs a tri-track pricing model: generous free hosted tier for individuals, per-seat paid tiers for teams, and a free self-host option under AGPL for principled buyers. Each track captures a different buyer type without forcing a choice at first contact. The lesson: when your buyer types diverge sharply, multi-track pricing serves more buyers than a single tier ladder.","Open-source scheduling platform with hosted SaaS, self-host option, and enterprise white-label.","Developers, agencies, teams who want Calendly's UX with extensibility, privacy, or principle.",Multi-track: hosted freemium + per-seat paid + free self-host,Monthly or annual per-seat for paid tiers; self-host is free in perpetuity,Free hosted tier IS the trial for individuals. Teams can trial paid features through limited preview.,5,Organizations tier as anchor,"Organizations at approximately $37-50/seat/mo anchors the page for serious teams. Teams at approximately $12-15/seat/mo reads as the affordable team tier by comparison. The anchor is doing standard work, but the unusual move is the self-host escape valve at $0 alongside paid tiers — which is a counter-anchor for the buyer who would otherwise reject SaaS on principle.",Team collaboration plus advanced workflows,"The trigger from free hosted to Teams fires when a user needs round-robin or collective scheduling, which is a structural team need. The trigger from Teams to Organizations fires when central admin (SSO, white-label) becomes a requirement, which maps to company stage. Both triggers are workflow-aligned rather than feature-gated artificially.","Multi-track pricing serves three buyer types (individual hosted, paying teams, principled self-hosters) without forcing a choice.|Self-host at $0 captures the buyer who would otherwise build it themselves, betting most will return to hosted later.|Teams tier triggered by structural collaboration need (round-robin), not arbitrary feature gates.|Organizations tier captures procurement-driven buyers who need SSO and admin without exposing pricing to competitors directly.|Free hosted is generous enough that individual users default to it, seeding the visible-customer flywheel for paid team upgrades.","If your buyer types diverge sharply (individual vs team vs principled), multi-track pricing serves more buyers than a single ladder.|Use a self-host or escape-hatch option to capture buyers who would otherwise build it themselves. The escape hatch is also a trust signal.|Trigger team-tier upgrades on structural collaboration needs (round-robin, collective availability) rather than feature gates.",Do not offer self-host if you cannot maintain the open-source project long-term. Stale repos hurt trust more than no repo at all.|Do not adopt multi-track pricing if your buyer types are not actually distinct. Most SaaS have one or two buyer types and multi-track adds confusion.,Multi-track stack: parallel hosted-paid ladder plus principled self-host track that does not slot into the ladder.,Four-rung paid ladder (Free → Teams → Organizations → Enterprise) plus self-host as off-ladder option.,Organizations tier as anchor; Teams as the visible team tier; Free hosted as entry; self-host as principled counter-anchor.,Per-seat monthly or annual for paid tiers; perpetual free for hosted free and self-host.,multi-track|open-source|self-host|per-seat,https://cal.com/,https://cal.com/pricing,2026-05-17,https://unlocksaas.com/pricing-teardown/cal-com,https://unlocksaas.com/pricing-teardown/cal-com/md
resend,Resend,Zeno Rocha and team,Email API,Resend prices on send volume with a generous free tier for indie devs. The model aligns with developer mental models.,"Resend's pricing scales by emails sent per month, with a generous free tier (3,000/mo) that covers most indie SaaS in production. Paid tiers scale linearly from there. Pricing is in round numbers (3K, 50K, 100K, etc.) that match how developers reason about send volume. The lesson: when your buyer is technical, price in their mental units, not yours.",A developer-first transactional email API with React Email integration.,Developers and indie SaaS founders sending transactional or marketing email.,Usage-based subscription priced per email-send volume,Monthly subscription tied to volume tier; auto-upgrade as volume grows,Free tier IS the trial. 3K/month is enough for real production for most indie SaaS.,4,Round-number anchor,"Volume tiers are round numbers (3K, 50K, 100K) that match how developers think about send rates. The Pro tier at $20/mo for 50K is the page's center of gravity; Scale and Enterprise anchor above. The unusual move is that the free tier is generous enough to be the trial, which keeps the pricing-page evaluation focused on volume planning rather than feature comparison.",Volume cap and dedicated-IP need,Two triggers fire together: the 3K/month free cap is the structural volume trigger; the need for a dedicated IP (deliverability concern for marketing email) drives the upgrade to Pro independently. The first trigger is mechanical; the second is intentional. Both map to genuine SaaS growth needs.,"Volume tiered in round numbers (3K, 50K, 100K) matches developer mental model and removes evaluation friction.|Free tier (3K/mo) is genuinely production-grade for indie SaaS, which builds habit before the upgrade trigger fires.|Pro tier at round $20/mo is memorable and signals confidence rather than micro-optimized comparison-shopping.|Dedicated IP available on Pro creates a behavioral upgrade trigger for marketers concerned with deliverability.|Custom Enterprise tier captures the largest deals without exposing volume pricing to enterprise competitors.","Price in the units your technical buyer already uses to reason about cost (sends, requests, GB, queries). Translation friction kills evaluation.|Use round numbers for tier thresholds. Memorable beats optimized.|Layer triggers: mechanical (volume cap) and intentional (specific feature need) so the upgrade fires reliably across buyer types.","Do not use usage-based pricing if your buyer cannot predict their usage. Bill-shock is the biggest usage-pricing churn driver.|Do not price volume tiers in awkward units (e.g. 1,234 emails). The cognitive cost of unusual units exceeds the optimization value.|Do not make the free tier so generous that indie SaaS never upgrade. The free tier must have a structural ceiling that maps to growth.",Volume stack — each tier adds send capacity and minor feature unlocks. Pricing scales linearly with use.,Four-rung ladder with free tier as front-end lead funnel and Enterprise as high-ticket back-end.,Round-number anchor mechanics; Scale tier reads as expensive next to Pro at $20/mo.,Monthly subscription scaled by volume tier; usage-based but tier-bundled to avoid bill-shock.,usage-based|volume-tiered|developer-tools|round-numbers,https://resend.com/,https://resend.com/pricing,2026-05-17,https://unlocksaas.com/pricing-teardown/resend,https://unlocksaas.com/pricing-teardown/resend/md
stripe,Stripe,Patrick and John Collison,Payments infrastructure,"Stripe's pricing is a single round percentage with no negotiation, which is itself the positioning. The simplicity converts faster than any pitch.","Stripe's headline pricing is 2.9% + 30¢ per successful charge, with no setup fees, monthly fees, or refunds-on-refunds. The published price is the price for almost every customer below enterprise scale. The lesson: when your buyer is comparing multiple complex pricing pages, the simplest legible price wins by default.","Payment processing infrastructure with subscriptions, billing, fraud prevention, payouts, and a deep API ecosystem.","Developers, indie SaaS, growing companies, and enterprises accepting payments online.",Flat per-transaction percentage plus fixed fee for standard product,"Per-transaction, no monthly base for standard product",No trial. Account is free to create; you pay only when you process payments.,3,Absent anchor,"Stripe has no anchor mechanics on standard pricing because there are no tiers to anchor between. The single published percentage is the entire pricing decision for most buyers. Add-on products (Connect, Radar, Tax) are priced separately on their own pages, so they do not crowd the main pricing decision. The absence of anchor mechanics is itself the positioning.",Volume threshold for custom pricing,The trigger fires when processing volume reaches the level where the published rate becomes meaningfully more expensive than interchange-plus could be. Most customers never hit this; Stripe captures the upgrade conversation at the scale where margin economics shift.,"Single published rate is the simplest possible pricing decision, which converts faster than any tiered alternative.|Round percentage (2.9%) is memorable and signals confidence — '2.87%' would invite comparison-shopping mental math.|No monthly base fee removes commitment friction for indie buyers evaluating against PayPal or Square.|Add-on products on their own pages prevent the main pricing from feeling cluttered, while still allowing Stripe to monetize the full product suite.|Custom enterprise pricing is gatekept behind sales conversation, which captures large deals without exposing volume discounts to competitors.|International pricing transparently published per country, building trust through specificity even when prices vary.","When your buyer is comparing multiple complex pricing pages, lead with the simplest legible price. Simplicity converts.|Round, memorable headline percentages signal confidence; odd numbers invite comparison-shopping.|Price add-on products on their own pages rather than as tiers on the main pricing surface. Pricing-page real estate is precious.","Do not adopt flat per-transaction pricing without understanding interchange costs. The math only works at certain volume bands.|Do not omit a custom tier when your business has enterprise customers. Published pricing must end where negotiation begins, with a clear handoff.|Do not assume single-line pricing works for every category. Some buyers expect tier structures and read flat pricing as lack of feature differentiation.",No stack — single rate is the entire offer. Bundling happens at the product-portfolio level (separate pricing pages for separate products).,"Single rung for standard pricing, custom rung for enterprise; add-on products form a parallel ladder of their own.",Absent anchor — the simplicity IS the anchor. The page deliberately avoids inviting comparison shopping.,Per-transaction percentage plus fixed fee; revenue scales perfectly with customer revenue.,flat-rate|transactional|simplicity|absent-anchor|developer-tools,https://stripe.com/,https://stripe.com/pricing,2026-05-17,https://unlocksaas.com/pricing-teardown/stripe,https://unlocksaas.com/pricing-teardown/stripe/md
plausible,Plausible Analytics,Uku Taht and Marko Saric,Privacy analytics,Plausible's pricing scales by pageviews. The visible revenue page is itself a pricing argument: customers can see what they're paying into.,"Plausible prices on pageviews with a sliding scale, plus a self-hosted free option under their license. The public revenue dashboard turns the pricing model into proof — buyers see real customers paying real money before they decide. The lesson for indie founders: when transparency is the brand, the pricing page should let buyers see what they're buying into, not just what they're paying.","A privacy-focused, cookie-free web analytics SaaS positioned as the ethical alternative to Google Analytics.","Indie founders, small SaaS, and privacy-leaning teams who do not want cookie banners or GDPR overhead.",Volume-tiered subscription scaled by monthly pageviews; self-host free under AGPL,Monthly or annual with annual discount; tier re-evaluated by actual monthly pageviews,30-day free trial on hosted; self-host is free in perpetuity (no trial needed).,3,Transparency-as-anchor,"Plausible's anchor mechanic is unusual: the published revenue dashboard at plausible.io/revenue functions as a social-proof anchor. A buyer comparing privacy analytics tools sees Plausible's actual MRR and customer count, which converts the abstract question 'is this credible' into the concrete fact 'these many other people are paying this much'. The pricing page itself is straightforward volume-tiered; the anchor work happens on the revenue page.",Pageview-cap volume threshold,The structural trigger is volume — buyers move up the tier ladder as their pageviews grow. There is no feature-gate trigger because all tiers include the full feature set. This aligns the bill with customer success (more pageviews = more value) and removes feature-comparison friction.,"Public revenue dashboard turns pricing into proof — buyers can verify the model works at scale before committing.|Volume tiering aligns the bill with customer success and platform cost simultaneously.|Same feature set across all tiers removes feature-comparison friction.|Self-host at $0 captures the principled buyer who would reject hosted SaaS.|Open-source code makes the platform's privacy claims verifiable, not just stated.|Annual discount is sized to materially shift commitment without forcing the choice on monthly buyers.","If transparency is your brand, make at least one operational fact public (revenue, MRR, signup count). Visible proof beats marketing copy.|Volume-tiered pricing with the same feature set across tiers removes evaluation friction when the platform cost scales with usage.|A self-host or escape-hatch option captures principled buyers without giving up hosted revenue.",Do not publish revenue if it is flat or declining; transparency works against you in that case.|Do not tier on pageviews if your unit economics do not actually scale with pageviews.|Do not offer self-host if you cannot sustain the open-source project long-term; stale repos hurt trust more than no repo.,Single-feature-set stack — every tier includes the same capabilities; the tier difference is volume.,Two-rung Value Ladder (hosted plus self-host) with an off-ladder enterprise option for very large volumes.,Transparency-as-anchor: the public revenue page does the social-proof work pricing-tier anchors usually do.,Monthly or annual subscription scaled by pageview tier; perpetual free for self-host.,volume-tiered|transparency|open-source|self-host,https://plausible.io/,https://plausible.io/pricing,2026-05-17,https://unlocksaas.com/pricing-teardown/plausible,https://unlocksaas.com/pricing-teardown/plausible/md
mintlify,Mintlify,Han Wang and Hahnbee Lee,Developer documentation,Mintlify prices on editor seats and reserves the most valuable feature (AI search) for higher tiers. The free-OSS tier feeds the customer-roster flywheel.,"Mintlify's pricing is per-editor with a free tier for open-source projects and graduated paid tiers for teams. The most valuable forward-looking feature (AI-powered search and Q&A) is reserved for higher tiers, creating an upgrade trigger as customer expectations evolve. The lesson for indie founders: gate the future-state feature, not the table-stakes one — buyers upgrade for capability they do not yet have, not for what they take for granted.","A documentation-as-code platform that turns Markdown plus components into a polished docs site with search, analytics, and AI-assisted answers.","Developer-tool SaaS, API companies, and platforms that want documentation that looks intentional rather than templated.",Per-editor seat tiered subscription with free OSS tier,Monthly or annual with annual discount,Free OSS tier IS the trial for open-source projects. Paid tiers can be trialed via direct conversation; standard self-serve evaluation is mostly via the OSS tier or a sandbox.,4,Growth tier as anchor,"The Growth tier at approximately $550/mo anchors the page for serious dev-tool companies, making Pro at approximately $150/mo read as the reasonable starting tier. The free OSS tier is the entry; Enterprise sits ready for procurement. Anchoring is conventional; the unusual move is the AI-feature gating that makes upgrading a forward-looking decision rather than a feature-gap fix.",AI feature gating and brand removal,"Two upgrade triggers work together: brand removal (the OSS free tier carries Mintlify branding; Pro removes it) for buyers ready to publish to a marketing-grade audience, and AI feature gating (search, chat, advanced AI) for buyers whose users expect LLM-powered docs. The AI trigger is forward-looking — buyers upgrade for capability that becomes table-stakes over the next year, not for a feature they already need.","Free OSS tier seeds visible-customer presence across the dev-tool category — every Mintlify-built docs site advertises the platform.|Brand removal as Pro trigger aligns with the moment a buyer is ready to publish without third-party branding.|AI feature gating creates a forward-looking upgrade trigger — buyers upgrade for capability that becomes expected, not for missing basics.|Per-editor pricing on Pro and Growth captures revenue from teams as they scale.|Visible customer roster on the marketing surface (Anthropic, Cursor, Resend) borrows authority from category-recognizable companies.","Gate the forward-looking feature, not the table-stakes one. Buyers upgrade for what they do not yet have but will soon need.|Use a free tier with branding to seed visible-customer presence; remove branding at the trigger where the buyer's willingness to pay structurally spikes.|Per-editor pricing works when each editor produces value the team consumes; combine with visible customer roster for compounding authority.",Do not gate features your buyer already considers table-stakes; the gating reads as nickel-and-diming and lowers trust.|Do not free OSS without the bandwidth to support OSS users; bad OSS support poisons the customer-roster flywheel.|Do not adopt per-editor pricing if seats do not get clear individual value.,Tiered stack with progressive AI features per rung; Growth tier is the visual anchor.,Four-rung ladder (Free OSS → Pro → Growth → Enterprise) with AI as forward-state continuity feature.,Growth as anchor; Pro as the visible starting tier; Free OSS as visible-customer flywheel seed.,Per-editor monthly or annual with annual discount; no usage metering on docs traffic.,per-editor|forward-feature-gating|free-oss|borrowed-authority,https://mintlify.com/,https://mintlify.com/pricing,2026-05-17,https://unlocksaas.com/pricing-teardown/mintlify,https://unlocksaas.com/pricing-teardown/mintlify/md
senja,Senja,Senja team,Testimonial collection,Senja prices the structural moment willingness-to-pay spikes: when the founder is ready to put testimonials on the public marketing site without the third-party brand.,"Senja's pricing is structured around brand removal as the upgrade trigger. The free tier collects and displays testimonials with a Senja attribution; paid tiers remove the attribution and add video, customization, and team features. The lesson for indie founders: when the buyer's willingness to pay spikes at a specific behavioral moment (here: publishing to their own marketing surface), price the trigger.","A testimonial collection, video review, and social-proof display platform for SaaS, agencies, and creators.","Indie SaaS, agencies, and creators who need video and text testimonials displayed cleanly on their marketing site.",Freemium with brand-removal upgrade trigger,Monthly or annual; yearly billing advertised at 17% off (verified 2026-07-17),Free tier IS the trial.,3,Brand-removal-trigger anchor,"Senja's pricing-page center of gravity is the brand-removal trigger between Free and Starter. The Pro tier at $59/mo anchors above, making Starter at $29/mo read as the natural choice for the indie buyer. The structural upgrade trigger (publishing to marketing site without Senja branding) does most of the work; the anchor mechanics support it but are not the primary driver.",Brand removal at marketing-surface publication,"The trigger fires when the founder decides to put testimonials on a public marketing surface (landing page, product page, sales page). At that moment, the Senja attribution becomes a visible cost (it appears on the founder's marketing site) and willingness to pay structurally spikes. The trigger is precisely calibrated to the behavioral moment of maximum buyer surplus.",Brand-removal trigger aligns the upgrade moment with structural willingness-to-pay spike.|Free tier with branding feeds the visible-customer flywheel — every Senja widget on someone else's marketing site is an ad.|Pro tier anchors the price ladder while Starter captures the indie-founder mainstream.|Universal-pain category (testimonials) removes the awareness-stage funnel work; buyers arrive already qualified.|Video-first positioning lands the high-conversion testimonial format from the free tier up — the first 15 collected testimonials can already be video.,"Identify the specific behavioral moment where buyer willingness-to-pay spikes, and price the trigger.|Free-with-branding works when the branding is on the customer's public marketing surface (not on internal-only screens) — the attribution becomes a visible cost the buyer eventually wants to remove.|If you serve a universal-pain category, skip the awareness-stage marketing and lead with the offer.","Do not free-with-branding if your output is not public; if buyers do not see the attribution on their own marketing surface, the upgrade trigger never fires.|Do not free-tier features your paid tier depends on. The paid trigger must be a real value gap, not an annoyance.|Do not adopt universal-pain positioning if your buyer does not yet recognize the pain; you need story-led marketing to teach the pain first.","Modest stack — free tier is functional, paid tiers extend without dramatically restructuring value.",Three-rung ladder (Free → Starter → Pro) with brand removal as the structural front-end trigger.,Pro tier as anchor; Starter as the indie-friendly mainstream; Free as flywheel seed.,"Monthly or annual subscription (yearly at 17% off); seat scaling starts at the Pro tier, which includes 5 seats.",brand-removal-trigger|visible-customer|freemium|social-proof,https://senja.io/,https://senja.io/pricing,2026-07-17,https://unlocksaas.com/pricing-teardown/senja,https://unlocksaas.com/pricing-teardown/senja/md
polar,Polar,Birk Jernström and team,Creator monetization and payments,Polar prices as percentage-of-revenue with no monthly base. The model aligns the platform's incentives with the creator's success.,"Polar prices as a single percentage of revenue with Merchant of Record included. There is no monthly subscription fee — Polar makes money when the creator makes money. The lesson for indie founders: when your customer's revenue is the primary value driver AND the platform cost scales with their success, revenue-share pricing removes commitment friction and aligns incentives.","A Merchant of Record platform with subscription, sponsorship, and licensing features designed for open-source maintainers and creators.","Open-source maintainers, creators, and indie developers who want monetization plus compliance without separately wiring Stripe and a tax platform.",Pure percentage-of-revenue with no monthly base; MoR bundled,Per-transaction; no monthly base fee,No subscription to trial — pricing is purely transactional. Account is free to create; you pay only when you collect.,2,No-anchor minimalism,Polar's pricing has no tier-anchor mechanics because there are no tiers in the traditional sense. The published rate is one line: approximately 4% + Stripe fees. The simplicity is the anchor — buyers comparing Polar to Stripe-plus-Paddle-Tax-plus-Lemon-Squeezy see one number and convert without further analysis. The absence of complexity IS the conversion driver.,No upgrade trigger by design,"Polar has no internal upgrade ladder. The structural trigger that drives buyers TO Polar is the first international sale that exposes them to VAT or sales-tax registration overhead. Polar's pricing is calibrated to be cheaper than the time-cost of handling compliance themselves. Once a creator is on Polar, there is no upgrade pressure — only volume-discount conversations at scale.",Pure percentage-of-revenue removes monthly commitment friction for early-stage creators.|No-tier pricing makes the decision binary: use Polar or do not. No internal evaluation required.|Revenue-share alignment makes Polar's incentives match the creator's: the platform only wins when the creator wins.|MoR bundle hides the per-feature comparison against Stripe; buyers evaluate on outcome (compliance handled).|GitHub-native integration removes setup friction every maintainer expects to deal with.|Round-ish percentage (4%) is memorable and signals confidence.,"If your customer's revenue is the primary value driver, revenue-share pricing aligns incentives and removes commitment friction.|Single-line published pricing removes evaluation friction when your buyer is comparing complex tiered alternatives.|Bundle compatible services at one rate to escape per-feature comparison shootouts.","Do not adopt revenue-share if your unit economics do not actually scale with customer revenue.|Do not adopt MoR positioning without the legal and operational capacity. MoR is a regulatory commitment, not a marketing one.|Do not skip a custom tier when you have enterprise customers; published pricing must end where negotiation begins.","No stack — single-line rate is the entire offer. Add-on features (sponsorships, licensing) are included at the same rate.","Single transactional rung with custom enterprise option; no front-end free, no high-ticket back-end.",No anchor — simplicity IS the anchor. The page deliberately avoids inviting comparison shopping.,"Pure percentage-of-revenue; no monthly base, no per-seat, perfectly aligned with customer success.",revenue-share|transactional|single-line|mor|creator-tools,https://polar.sh/,https://polar.sh/pricing,2026-05-17,https://unlocksaas.com/pricing-teardown/polar,https://unlocksaas.com/pricing-teardown/polar/md
screen-studio,Screen Studio,Adam Pietrasiak,Screen recording for marketing video,"Screen Studio prices one-time at a premium. No subscription, no tiers, no upsells — the simplest possible offer.","Screen Studio is sold as a one-time license at approximately $229 with optional yearly updates. There is no subscription, no tier ladder, no usage limit. The lesson for indie founders: when your product produces a discrete output and has no ongoing infrastructure cost, one-time pricing escapes subscription fatigue and converts buyers who would reject monthly recurring on principle.","A macOS screen recording app that auto-zooms, smooths cursor motion, and produces high-quality marketing videos from raw screen captures.","Indie SaaS founders, designers, and creators producing product demos and tutorial videos who do not want to learn video editing software.",Single one-time license with optional yearly update subscription,One-time payment for license; optional yearly renewal for continued updates,Free trial available before purchase; the output sample on the homepage IS the demo for most buyers.,2,Single-line premium anchor,"Screen Studio's pricing has no internal anchor mechanics — there are no tiers to anchor between. The premium one-time price (approximately $229) anchors against subscription competitors: a buyer comparing Screen Studio at $229 one-time against Loom or Tella at $10-20/month sees a 12-24 month payback. For professionals whose video output reflects on their brand, that math works. The single price line IS the entire pricing argument.",No upgrade trigger by design,"There is no internal upgrade ladder. The optional yearly update renewal is the only secondary purchase decision, and it fires after the first year as a continuity option for buyers who want new features. Most customers continue using the version they purchased without renewing. The absence of upgrade pressure is intentional — Screen Studio sells the artifact, not the relationship.","One-time pricing escapes subscription fatigue and converts buyers who reject monthly recurring on principle.|Premium price screens out casual buyers but is trivial for any working professional.|Single-line pricing removes evaluation friction entirely.|Solo-founder identity (Adam Pietrasiak) signals 'buy from a person you can find,' which the indie buyer audience trusts.|Output sample on the homepage IS the trial — autoplaying demo converts visitors who can see the output is what they need.|Optional renewal model captures continuing revenue without forcing it.","Consider one-time pricing for tools that produce discrete outputs rather than ongoing utility. Subscription is not the only valid model.|Premium one-time pricing converts the working-professional buyer who would resist subscription but accepts a clear capital expense.|If you are a solo founder, lead with your face, name, and output. Indie buyers trust a person more than a faceless brand.","Do not use one-time pricing for tools that require ongoing infrastructure costs (servers, send volume, API calls). The economics fail.|Do not adopt premium pricing if your buyer is a casual user. The screening effect works against you.|Do not adopt solo-founder positioning if you are not solo; the trust signal is fake and customers eventually find out.","No stack — single price line, no upsells, no add-ons. The simplest possible Value Ladder.",Single transactional rung with optional continuity (yearly updates).,External anchor against subscription competitors; no internal anchor mechanics.,One-time payment with optional yearly continuity; no recurring revenue model by default.,one-time|solo-founder|premium|no-subscription|marketing-tools,https://www.screen.studio/,https://www.screen.studio/pricing,2026-05-17,https://unlocksaas.com/pricing-teardown/screen-studio,https://unlocksaas.com/pricing-teardown/screen-studio/md
fathom,Fathom Analytics,Jack Ellis and Paul Jarvis,Privacy analytics,"Fathom prices on pageviews with a 30-day trial. No self-host option, no public revenue dashboard — the price page leans on founder-led trust instead of operational transparency.","Fathom's pricing structure is volume-tiered subscription scaled by monthly pageviews, with a 30-day free trial and no self-host option. The structural pricing decisions diverge from Plausible's: no open-source escape valve and no public revenue page. The trust load shifts to founder visibility (Jack Ellis and Paul Jarvis) instead of operational transparency. The lesson for indie founders: when founder-led-as-trust is your model, you can skip the operational-transparency proof — but you must sustain founder visibility forever.","A privacy-focused, cookie-free web analytics SaaS positioned as the ethical alternative to Google Analytics.","Indie founders, small SaaS, and privacy-leaning teams who do not want cookie banners or GDPR overhead, and who prefer buying from identifiable indie operators.",Volume-tiered subscription scaled by monthly pageviews; hosted only,Monthly or annual with annual discount; tier re-evaluated by actual monthly pageviews,30-day free trial with no credit card required; converts to paid or expires.,2,Founder-led-trust anchor,Fathom's pricing page does not anchor through a public revenue dashboard (like Plausible) or through an explicit decoy tier. The anchor mechanic is implicit: Jack and Paul are visible enough across the marketing surface and broader content that buyers anchor on founder credibility rather than on price-comparison logic. The simplicity of the pricing matches the brand voice — founders who trust the operators do not require complex pricing arguments.,30-day trial expiration plus pageview growth,Two triggers fire together: the 30-day trial creates a binary conversion moment (subscribe or stop using); pageview growth then drives tier upgrades within the paid customer base. The trial-expiration trigger is mechanical and the volume-tier upgrade is structural. Both align with how indie SaaS founders actually evaluate analytics tools.,"Founder-led-trust replaces the operational-transparency proof Plausible uses — same trust outcome, different mechanism.|30-day trial with no credit card removes friction at the highest-friction moment in the funnel.|Volume tiering aligns the bill with customer success without exposing the buyer to per-event metering surprise.|Same principle stack as Plausible (privacy, GDPR-by-construction, cookie-free) — both companies validate the category together.|No self-host option simplifies the operations surface — every customer is on the same hosted infrastructure.|EU isolation option for buyers with stricter data-residency needs adds a structural differentiator without complicating the main pricing page.","If founder-led-as-trust is your model, you can skip operational-transparency tools (public revenue, open-source) — but you must sustain founder visibility continuously.|30-day trials with no credit card remove the canonical friction at signup; recover the conversion at trial-end with a clear payment prompt.|Volume tiering aligns the bill with success when the underlying cost (your infrastructure) actually scales with the metric you tier on.","Do not adopt founder-led-trust as the only trust mechanism if the founders cannot sustain visibility. Without founders on the marketing surface, the model collapses.|Do not skip self-host capability if your category buyers value it (open-source-aligned developers, privacy-extremists). The audience overlap with operational-transparency buyers matters.",Two-rung stack: hosted volume tiers plus enterprise custom. No add-on layer.,Two-rung Value Ladder with trial-to-paid conversion as the front-end trigger.,Founder-led-trust anchor — Jack and Paul replace explicit anchor-tier mechanics with brand credibility.,Monthly or annual volume-tiered subscription; no usage metering surprise; no per-seat scaling.,volume-tiered|founder-led-trust|trial-no-credit-card|privacy-analytics,https://usefathom.com/,https://usefathom.com/pricing,2026-05-17,https://unlocksaas.com/pricing-teardown/fathom,https://unlocksaas.com/pricing-teardown/fathom/md
calendly,Calendly,Tope Awotona,Scheduling,Calendly prices on category-default mindshare. The free tier is the acquisition engine; per-user paid tiers scale into enterprise.,"Calendly's pricing structure is built around brand-default acquisition: free tier with the Calendly brand on every booking page seeds the visible-customer flywheel, and per-user paid tiers scale into enterprise with CRM integrations, advanced workflows, and SSO. The lesson for indie founders: free-tier acquisition compounds when the customer's output is publicly visible — but the moat depends on years of compounding to earn category-default status.","A scheduling platform for sales calls, demos, customer meetings, and recruiter coordination, with a Calendly-branded booking page recipients use.","Sales teams, recruiters, customer success managers, and any professional whose calendar coordination is high-volume.",Per-user tiered subscription with free-tier acquisition flywheel and enterprise upsell ladder,Monthly or annual with annual discount; per-user pricing,Free tier IS the trial; paid features available on time-limited trial for evaluation.,4,Teams tier as anchor,"Teams at approximately $20/seat/mo anchors the page for the sales-team segment. Standard at approximately $12/seat/mo reads as the natural starting tier for individuals; Free is the entry. Enterprise sits ready for procurement-driven buyers. The anchor mechanic is conventional; the unusual structural element is the Calendly brand on free-tier booking pages, which doubles as the acquisition engine.",Event-type cap plus team-feature need,"Two triggers fire together: the 1 event type cap on Free forces individual users to upgrade to Standard when they need more than one booking type; the team-feature need (round-robin, collective events, deeper CRM integrations) drives Standard users to Teams. Both triggers map to natural usage growth, which is why Calendly's conversion rates compound over time as customers grow into deeper use.","Free tier with branding seeds visible-customer flywheel — every shared Calendly link reinforces the brand to a new recipient.|1 event type cap on Free is a structural upgrade trigger that fires the moment a user needs a second booking type.|Per-user pricing aligns revenue with team-scale growth without per-feature complexity.|Enterprise tier captures the largest deals without exposing volume-discount pricing to seat-counting competitors.|CRM integration depth (Salesforce, HubSpot, Marketo) at higher tiers locks in enterprise customers who built workflows around the platform.|Cross-functional positioning (sales, recruiting, success, education) broadens the addressable market — only sustainable for the category default.","Free tier with branding is the most efficient acquisition channel when your customer's output is publicly visible (booking pages, form embeds, video links).|Structural upgrade triggers (event-type caps, team-feature gates) compound conversion as usage grows naturally.|Per-user pricing scales with customer success and avoids the per-feature comparison shopping that tiered-feature pricing creates.","Do not assume free-tier branding works if your output is not publicly visible. The flywheel requires customers to share the branded surface with their audience.|Do not adopt category-default positioning before you have earned the recognition. New entrants need to lead with the structural differentiator, not the brand.",Four-tier stack with progressive feature additions; Teams tier is the visual anchor.,Full four-rung Value Ladder (Free → Standard → Teams → Enterprise) with structural upgrade triggers at each rung.,Teams tier as anchor; Standard as reasonable individual choice; Free as visible-customer flywheel seed; Enterprise as procurement door.,Per-user monthly or annual with annual discount; no usage metering on bookings.,per-user|free-with-branding|category-default|enterprise-upsell,https://calendly.com/,https://calendly.com/pricing,2026-05-17,https://unlocksaas.com/pricing-teardown/calendly,https://unlocksaas.com/pricing-teardown/calendly/md
postmark,Postmark,Wildbit team (acquired by ActiveCampaign in 2022),Email API,"Postmark prices on send volume with a conservative free tier. The pricing matches the brand promise: deliverability-first, no surprises.","Postmark's pricing structure is volume-tiered subscription scaled by emails sent per month. The free tier is conservative (100 emails/month) compared to Resend's 3K — the structural decision favors paid customers who care about deliverability enough to commit. The lesson for indie founders: when your brand promise is operational reliability, your pricing structure should attract committed buyers rather than maximize free signups.","A developer-friendly transactional email API with separate streams for transactional and broadcast sends, optimized for deliverability.","Developers and SaaS teams sending transactional email (password resets, receipts, notifications) who prioritize inbox placement above all else.",Volume-tiered subscription scaled by monthly email sends; conservative free tier,Monthly subscription tied to volume tier; auto-upgrade as volume grows,Free tier IS the trial; 100 emails/month is enough for development testing but not for production.,3,Brand-promise anchor,Postmark's pricing page does not lead with an aggressive free tier or an obvious anchor tier. The implicit anchor is the brand promise itself: deliverability over a decade. Buyers who land on the pricing page have already been pre-sold on the promise via marketing; the pricing decision is the binary 'commit at this volume' decision. The simplicity matches the brand voice.,Volume threshold plus deliverability-critical use case,"Two triggers fire together: the 100/month free cap forces any production use to upgrade immediately; the deliverability-critical nature of transactional email (password resets, receipts) means buyers who reach this volume have already decided they need Postmark-grade reliability. The conservative free tier filters out experimenters and converts only buyers who commit to the brand promise.","Conservative free tier (100/month) filters for committed buyers and reduces free-tier infrastructure costs.|Volume tiering aligns the bill with both customer value (send volume) and platform cost (infrastructure to deliver reliably).|Separate transactional and broadcast streams as architectural pricing differentiator — same feature on all tiers, never removed for cost.|Dedicated IP option on higher tiers gives marketing-email senders a meaningful deliverability lever as they scale.|Brand-promise marketing pre-sells the pricing decision — buyers arrive at the pricing page already pre-decided on the value.|ActiveCampaign acquisition (2022) keeps the platform operationally stable while preserving the deliverability-first brand.","Conservative free tiers filter for committed buyers — sometimes the right move is to attract fewer signups who convert at higher rates rather than more signups who burn infrastructure.|Pricing structure should match brand voice: deliverability-first products price like infrastructure (volume-based, no surprises); aggressive growth products price like consumer SaaS (generous free tiers, viral mechanics).|Architectural decisions (like separated streams) can be the structural pricing differentiator instead of feature-gating tiers.",Do not adopt conservative free tiers if your brand promise is growth or viral acquisition. The pricing model must match the brand promise.|Do not skip dedicated IPs or advanced deliverability features at higher tiers if you serve marketing-email senders. The structural needs at high volume justify the price gap.,"Three-rung stack: free, volume-tiered paid, enterprise custom. No add-on layer, no feature gates within tiers.",Three-rung Value Ladder with conservative free filter at the front and custom enterprise back-end.,Brand-promise anchor — the pricing decision is pre-sold by the deliverability marketing.,Monthly volume-tiered subscription; no per-seat scaling; auto-upgrade as send volume grows.,volume-tiered|conservative-free|brand-promise-anchor|deliverability,https://postmarkapp.com/,https://postmarkapp.com/pricing,2026-05-17,https://unlocksaas.com/pricing-teardown/postmark,https://unlocksaas.com/pricing-teardown/postmark/md
testimonial-to,Testimonial.to,Damon Chen,Testimonial collection,Testimonial.to converged on the same pricing model as Senja: free-with-branding plus brand-removal upsell. The convergence proves the model is right for the category.,"Testimonial.to's pricing structure is functionally identical to Senja's: free tier with Testimonial.to branding on the Wall of Love widget, paid tiers remove branding and unlock advanced features. Both companies converged on this model because it works structurally for the category. The lesson for indie founders: when two competitors independently arrive at the same pricing model, the model is structurally correct for the category — copy the structure and compete on execution.","A testimonial collection and display platform for SaaS, agencies, and creators, with strong video testimonial features and AI-assisted editing.","Indie SaaS, agencies, and creators who need video and text testimonials displayed cleanly on their marketing sites.",Freemium with brand-removal upgrade trigger and AI-feature gating,Monthly or annual with annual discount,Free tier IS the trial; paid features can be sampled briefly on signup.,4,Brand-removal-trigger anchor (same as Senja),"Testimonial.to's center of gravity is the brand-removal trigger between Free and Starter, identical to Senja's pattern. Premium tier at approximately $50/mo anchors above; Starter at approximately $20/mo reads as the natural choice for the indie buyer. The convergence with Senja on this anchor mechanic is not coincidence — it is the structurally correct shape for testimonial SaaS where the customer's output (Wall of Love widget) is publicly visible.","Brand removal at marketing-surface publication, plus AI feature gating","Two triggers fire: brand removal at publication (same as Senja) drives free-to-Starter conversion when the founder publishes testimonials on a public marketing page; AI feature gating (AI-assisted video editing, highlights) drives Starter-to-Premium conversion when video testimonials become a serious surface. The double trigger captures conversion at two distinct usage moments.","Brand-removal trigger aligns the upgrade moment with structural willingness-to-pay spike (same mechanic as Senja).|Free tier with branding feeds the visible-customer flywheel — every Testimonial.to widget on a customer's marketing site is implicit advertising.|AI-feature gating on Premium creates a second upgrade trigger that fires for video-heavy use cases.|Premium tier price gap from Starter (approximately $50 vs $20) anchors the page and reinforces the indie-vs-agency tier split.|Solo-founder operations match indie-buyer expectations — Damon Chen is the brand, the product, and the support.|Convergence with Senja on pricing structure validates the category model — the structurally correct shape is replicated by both companies.","When two competitors converge on the same pricing model, the model is structurally correct for the category. Copy the structure and compete on execution rather than reinventing pricing.|Brand-removal triggers compound visible-customer presence: free customers seed the flywheel; paid customers extract value at the moment willingness-to-pay spikes.|Layer secondary triggers (AI-feature gating) on top of the primary trigger to capture additional upgrade conversion as usage matures.",Do not adopt free-with-branding if your product output is not publicly visible. The flywheel needs the branding to compound through customer marketing surfaces.|Do not over-tier AI features if they become table-stakes faster than expected. AI-feature gating works when the features are forward-looking; it fails when they become expected baseline.,Four-rung stack with progressive feature additions; Premium tier anchors against Starter.,Four-rung Value Ladder (Free → Starter → Premium → Enterprise) with brand removal as the structural front-end trigger and AI features as the secondary upgrade trigger.,Premium tier as anchor; Starter as indie-friendly mainstream; Free as visible-customer flywheel seed.,Monthly or annual subscription; no usage metering below the response-count caps on Free and Starter.,brand-removal-trigger|visible-customer|freemium|ai-feature-gating,https://testimonial.to/,https://testimonial.to/pricing,2026-05-17,https://unlocksaas.com/pricing-teardown/testimonial-to,https://unlocksaas.com/pricing-teardown/testimonial-to/md
clickup,ClickUp,Zeb Evans,Project management for software teams,"ClickUp's pricing matches the consolidation promise — generous free, predictable per-user upsells, AI as orthogonal add-on. Pay for the bundle, scale with the team.","ClickUp's pricing structure leans into the all-in-one positioning: a genuinely generous free tier captures cross-functional teams, per-user paid tiers add automation, storage, and admin features, AI is an orthogonal add-on across all tiers. The lesson for indie founders: when your value proposition is consolidation, the pricing model needs to make adopting the bundle cheaper than maintaining the alternatives — generous free plus predictable per-user scaling delivers that math.","An all-in-one productivity platform combining tasks, docs, chat, whiteboards, forms, time tracking, goals in one configurable workspace.","Cross-functional teams that want to consolidate multiple SaaS tools under one bill, with deep configurability for their specific workflows.",Per-user tiered subscription with generous free + AI as add-on,Monthly or annual with annual discount,Free Forever tier IS the trial; paid features available on 14-day trial for evaluation.,6,Business Plus tier as anchor,"Business Plus at approximately $29/user/mo anchors the page for serious cross-functional teams. Business at approximately $19 reads as the natural growth tier; Unlimited at approximately $10 reads as the affordable upgrade from Free. Enterprise sits ready for procurement. The unusual structural element is the genuinely generous Free tier (unlimited users) — most teams adopt deeply before any paywall hits, making upgrades structural rather than feature-gate-driven.",Storage cap plus team-scale features,"The Free tier's 100MB storage cap is the structural primary trigger — teams that adopt deeply hit it within weeks. Beyond that, Unlimited-to-Business is driven by advanced automations and admin features (dashboards, workload management). Business-to-Business Plus by team-sharing and custom roles. Each tier jump maps to a real organizational growth event.","Genuinely generous Free tier (unlimited users) lets teams adopt deeply before paywall, making upgrade decisions structural.|Storage cap as primary upgrade trigger is mechanical and predictable — teams hit it through normal use.|AI as add-on (not as tier) captures incremental revenue without disturbing the seat-ladder psychology.|Per-user pricing aligns the bill with team-scale growth, not with feature consumption.|Cross-functional positioning matches the cross-functional pricing structure — the same teams that need ClickUp's breadth pay for it predictably.|Business Plus tier anchor mechanic makes Business tier read as the reasonable growth choice.","If your value proposition is consolidation, your free tier needs to be generous enough for real adoption — not just evaluation. Real adoption converts at structural caps, not at feature gates.|Storage caps (or similar mechanical caps) are predictable upgrade triggers that teams understand intuitively. Feature-gate triggers create more buyer friction.|Pricing AI features as orthogonal add-ons lets you capture AI revenue without restructuring the existing tier ladder.","Do not offer unlimited free users if you cannot serve them operationally. ClickUp can because their infrastructure and revenue model support it; smaller SaaS often cannot.|Do not anchor with a tier that has no real Enterprise customers. The Business Plus tier works as anchor because real teams adopt it, not just to make Business look cheap.",Five-rung stack with progressive feature additions; Business Plus tier is the visual anchor and Enterprise sits behind a sales conversation.,"Full Value Ladder with Free as front-end (unlimited-user acquisition), per-user paid tiers as subscription core, Enterprise as high-ticket back-end, AI as continuity add-on.",Business Plus tier as anchor; Business as reasonable growth tier; Unlimited as affordable upgrade; Free as visible-customer flywheel.,Per-user monthly or annual with annual discount; AI add-on per-member orthogonal to tier; no usage metering on feature use.,per-user|generous-free|ai-as-add-on|consolidation-pricing,https://clickup.com/,https://clickup.com/pricing,2026-05-17,https://unlocksaas.com/pricing-teardown/clickup,https://unlocksaas.com/pricing-teardown/clickup/md
render,Render,Anurag Goel,Frontend cloud and hosting,"Render's pricing is per-service predictable — pay for the resources you provision, see the bill before it arrives. No bill-shock, no usage-metered surprise.","Render's pricing structure matches the modern-PaaS positioning: each backend service (web service, Postgres, Redis, background worker, cron) has its own predictable monthly cost, total stacks transparently, no surprise overages from usage spikes. The lesson for indie founders: when your competitor (Vercel, Fly.io) prices on metered usage that creates bill-shock risk, predictable-bundle pricing is the structural alternative that converts buyers who want to budget reliably.","A managed Platform-as-a-Service for full-stack web apps with bundled Postgres, Redis, background workers, cron, and static-site hosting.","Full-stack indie founders, startups, and small teams who want bundled backend services with predictable per-service pricing.",Per-service predictable pricing with bundled backend tiers + flat team subscription,Monthly subscription on workspace + per-service tier; no metered usage on most services,Free static-site tier IS the trial for the platform; paid services start small and scale predictably.,5,Predictability-as-anchor,"Render's pricing page does not lead with an aggressive anchor tier. The implicit anchor is the predictability itself — buyers comparing Render to usage-metered alternatives (Vercel, Fly.io) see one number per service and one total before they commit. Predictability is the entire pricing argument. The simplicity matches the modern-Heroku positioning: 'what Heroku used to give you, without the modern bill-shock from competitors.'",Resource-provisioning growth and workspace tier scaling,"Two trigger types fire: provisioning new services or upgrading existing service tiers (more CPU, more storage) drives total bill growth; team-size growth drives the workspace tier from Individual to Team. Both triggers map to natural application growth events and are predictable in advance, which prevents the surprise overage that usage-metered competitors create.","Per-service predictable pricing matches the modern-PaaS bundling positioning — pricing model and value proposition align.|Free static-site hosting captures the indie-buyer entry point and converts to paid as backend needs emerge.|No usage metering on most services prevents bill-shock — buyers can budget reliably without continuous monitoring.|Each service tier maps to provisioned resources, not consumed resources — easier mental model than VM-cycles or function-invocations.|Per-user workspace pricing scales with team-size growth predictably.|Founder-led marketing from Anurag Goel and the Render team anchors the brand to identifiable operators.","If your competitors use usage-metered pricing that creates bill-shock, predictable per-resource pricing is the structural differentiator that converts buyers who want to budget reliably.|Make the total cost calculable in advance from the published tiers. Buyers should be able to do the math without contacting sales.|Free entry tier with one or two real value props (here: static hosting with CDN) converts free users to paid as their needs grow beyond the entry tier.",Do not adopt predictable per-service pricing if your platform cost actually scales with usage. The model only works when your infrastructure cost matches the predictable tier.|Do not over-bundle services you cannot operate at predictable cost — the predictability claim collapses when surprise charges appear for adjacent capabilities.,"Two-rung workspace stack (Individual, Team) plus per-service tier stack — total bill is sum of provisioned services.",Four-rung Value Ladder (Free static → Individual → Team → Enterprise) with per-service tier customization.,Predictability-as-anchor; no explicit decoy tier. The simplicity is the conversion mechanism.,Workspace subscription + per-service predictable tiers; no metered overages on most services.,per-service|predictable|bundled-paas|no-metering,https://render.com/,https://render.com/pricing,2026-05-17,https://unlocksaas.com/pricing-teardown/render,https://unlocksaas.com/pricing-teardown/render/md
loom,Loom,"Joe Thomas, Shahed Khan, Vinay Hiremath (acquired by Atlassian in 2023)",Screen recording for marketing video,Loom prices free-with-branding plus team-subscription upsell. The free tier is the marketing engine; team adoption is the monetization.,"Loom's pricing structure is built around the product-is-the-marketing flywheel: the free tier (with Loom branding on every video) seeds the visible-output flywheel, and team subscriptions monetize the workflow once a team adopts async video as standard practice. The lesson for indie founders: when your product creates publicly-shareable artifacts, free-with-branding can be the most efficient acquisition channel — but the upgrade trigger must align with team-scale adoption, not individual feature gates.","An async video communication platform — screen recording with webcam overlay, instant shareable links, viewer analytics, team workspaces.","Distributed teams, customer success operators, sales teams, engineering teams — anyone whose communication includes async video updates.",Freemium with team-scale upgrade trigger and Loom branding flywheel,Monthly or annual with annual discount; per-user pricing on paid tiers,Starter free tier IS the trial; Business and Business + AI offer time-limited trials for team evaluation.,4,Business + AI tier as anchor,Business + AI at approximately $20/user/mo anchors the page above Business at approximately $12.50. The price gap (60% premium) makes Business read as the affordable team tier; the AI version is the upgrade option for teams that specifically want AI features. Enterprise sits ready for procurement-driven buyers. The structural anchor is the Business tier itself — calibrated to be the obvious adoption choice for teams ready to commit.,Video-count cap plus team-adoption moment,Two triggers fire: the 25-video cap on Starter forces individual heavy users to upgrade; the team-adoption moment (when a team decides async video is part of their workflow) drives broader Business-tier conversion. The video-count trigger is mechanical and individual; the team-adoption trigger is structural and organizational. Both contribute to Loom's conversion rate.,"Free tier with Loom branding seeds the visible-output flywheel — every shared video is implicit marketing.|Video-count cap (25 on Starter) is a predictable trigger for individual heavy users.|Team-adoption moment is the structural trigger for broader Business tier conversion.|AI as separate tier (not add-on) captures AI revenue from teams already willing to upgrade.|Per-user pricing aligns the bill with team scale, which matches how async-video adoption spreads through organizations.|Atlassian acquisition (2023) keeps the platform funded while preserving the indie-friendly brand on marketing surfaces.","If your product creates publicly-shareable artifacts, free-with-branding is the most efficient acquisition channel — but the artifacts must be high-value enough that recipients want to use the product themselves.|Layer triggers: mechanical (count caps) for individual conversion, structural (team-adoption moments) for broader conversion. Both contribute to total conversion rate.|When AI is the forward-state expectation, pricing it as a separate tier rather than add-on works if buyers self-segment cleanly — teams that want AI know they want it.",Do not adopt free-with-branding if your product output is internal-only. The flywheel needs publicly-visible artifacts to compound.|Do not skip the team-adoption trigger by relying only on individual feature caps. Async-video adoption spreads through teams; individual triggers undermonetize the team conversion path.,Four-rung stack with predictable feature additions per tier; AI as separate tier rather than add-on.,"Full four-rung Value Ladder with Free as front-end (Loom-branded acquisition), per-user team tiers as subscription core, Enterprise as back-end.",Business + AI tier as anchor; Business as reasonable team choice; Starter as visible-output flywheel.,Per-user monthly or annual with annual discount; no usage metering on video count or send volume below tier caps.,freemium-with-branding|per-user|team-trigger|ai-as-tier,https://www.loom.com/,https://www.loom.com/pricing,2026-05-17,https://unlocksaas.com/pricing-teardown/loom,https://unlocksaas.com/pricing-teardown/loom/md
gitbook,GitBook,Samy Pesse and Aaron O'Mullan,Developer documentation,"GitBook prices per-user with feature-tier upsells. The pricing matches the broader-knowledge-platform positioning — scale with team size, not with documentation scope.","GitBook's pricing structure scales with team size through per-user tiers, with feature upgrades at each tier rather than usage limits. This matches the broader-knowledge-platform positioning — the value scales with how many people use the platform across docs, wikis, and knowledge bases, not with documentation volume. The lesson for indie founders: when your value scales with team adoption rather than with usage, per-user pricing aligns the bill with the actual value driver.","A knowledge platform for public documentation, internal wikis, and team knowledge bases with WYSIWYG editing and Git-sync option.","Teams that want one platform for public docs and internal knowledge, with a writer-friendly editor for non-developer contributors.",Per-user tiered subscription with feature-tier upsells,Monthly or annual with annual discount,Free tier IS the trial for small teams; paid tiers offer time-limited trials for evaluation.,4,Pro tier as anchor,"Pro at approximately $15/user/mo anchors the page for serious knowledge-platform buyers. Plus at approximately $8 reads as the natural starting tier for small teams; Free is the entry. Enterprise sits behind a sales conversation. The unusual structural element is that the entire tier ladder scales with team size rather than with knowledge volume — buyers do not pay more for writing more docs, only for adding more people.",User-count cap plus advanced-feature need,"Two triggers fire: the 5-user cap on Free forces teams to upgrade when they grow beyond initial adoption; the advanced-feature need (analytics, SSO, advanced permissions) drives Plus-to-Pro conversion. Both triggers map to natural team-growth events rather than usage-based limits, which matches how knowledge-platform adoption actually scales inside organizations.",Per-user pricing aligns the bill with team-adoption value rather than with documentation volume.|5-user cap on Free is a predictable trigger that fires when a team genuinely adopts the platform.|Plus tier brand-removal trigger captures the publication-moment willingness-to-pay spike.|Pro tier advanced-feature gating captures the team-maturity upgrade as governance and analytics matter.|Enterprise tier provides the procurement-driven upsell without exposing custom pricing publicly.|WYSIWYG editor accessibility expands the contributor base beyond developers — pricing per-user captures the broader team value.,"When your value scales with team adoption rather than with usage volume, per-user pricing aligns the bill with the actual value driver.|Layer triggers: count caps (5 users on Free) for team-growth, feature gates (SSO, analytics) for team-maturity. Both contribute to total conversion rate.|Brand removal as Plus-tier trigger captures the publication-moment willingness-to-pay without forcing all users to pay.",Do not adopt per-user pricing if individual users do not get clear individual value. For knowledge platforms most users get value as readers; per-user pricing on read-only access undervalues the platform.|Do not gate advanced features at Pro if buyers expect them at Plus. The feature-tier expectations evolve over time — what was Pro-tier three years ago may be Plus-tier now.,Four-rung stack with progressive feature additions; Pro tier is the visual anchor.,"Full four-rung Value Ladder with Free as front-end, per-user paid tiers as subscription core, Enterprise as high-ticket back-end.",Pro tier as anchor; Plus as reasonable starting tier; Free as evaluation entry.,Per-user monthly or annual with annual discount; no usage metering on documentation volume.,per-user|team-scaling|feature-tier-upsells|knowledge-platform,https://www.gitbook.com/,https://www.gitbook.com/pricing,2026-05-17,https://unlocksaas.com/pricing-teardown/gitbook,https://unlocksaas.com/pricing-teardown/gitbook/md
asana,Asana,Dustin Moskovitz and Justin Rosenstein,Project management,Asana prices per-user with a structured tier ladder. The free 10-user cap is the mechanical upgrade trigger; Advanced tier captures the cross-functional buyer.,"Asana's pricing structure scales with team size through per-user tiers (Free → Starter → Advanced → Enterprise), with the free-tier 10-user cap as the mechanical upgrade trigger. Advanced tier captures the cross-functional buyer who needs Goals, Workload, and timeline depth. The lesson for indie founders: when your value scales with both team size AND coordination depth, per-user pricing with feature-tier upsells captures both axes simultaneously.","A cross-functional project management platform with tasks, projects, portfolios, goals, timelines, and workload coordination.",Growing cross-functional teams that coordinate work across multiple departments and need structured project tracking with goal hierarchies.,Per-user tiered subscription with structured upsell ladder,Monthly or annual with annual discount,Free Personal tier IS the trial for small teams; paid tiers offer time-limited trials for evaluation.,4,Advanced tier as anchor,"Advanced at approximately $25/user/mo anchors the page for serious cross-functional buyers. Starter at approximately $11 reads as the natural starting tier for growing teams; Personal Free is the entry; Enterprise sits behind a sales conversation. The unusual structural element is the Goals + Workload + Timeline bundle at Advanced — these features collectively represent what makes Asana 'real' for cross-functional teams, and the pricing reflects that bundled value.",10-user cap plus cross-functional feature need,"The 10-user cap on Personal Free is the structural primary trigger — teams that adopt Asana and grow past 10 users have proven team-scale need. The secondary trigger from Starter to Advanced is the cross-functional feature need (Goals, Workload, Timeline) that emerges when teams coordinate across departments. Both triggers map to mechanical team-growth and structural-complexity events.","10-user cap on Free is mechanical and predictable as teams grow past early-stage scale.|Per-user pricing aligns the bill with team-scale growth, which matches how Asana usage actually scales.|Goals + Workload + Timeline bundling at Advanced creates a clear value gap from Starter, justifying the 2.3x price jump.|Enterprise tier provides procurement-driven upsell without exposing custom pricing publicly.|Multi-function case studies (marketing, ops, engineering) reinforce the cross-functional positioning that justifies the per-user pricing model.|Mature integration ecosystem (Slack, Google Workspace, Salesforce) locks in customers who built workflows around the platform.","When value scales with both team size AND coordination depth, per-user pricing with feature-tier upsells captures both axes simultaneously.|Mechanical user-count caps (10 on Free) convert predictably as teams grow, beating feature-gate caps that create more buyer friction.|Bundling structurally-related features at the anchor tier (Goals + Workload + Timeline at Advanced) creates a defensible price jump.","Do not adopt per-user pricing if individual users do not get clear individual value. Asana works because every cross-functional team member uses the platform; PM tools where one user per team coordinates fail per-user pricing.|Do not gate cross-functional features (Goals, Timeline) at the cheapest paid tier. The Starter tier exists because not all paying teams need cross-functional depth; pricing the deep features into Starter dilutes the Advanced upgrade path.",Four-rung stack with progressive feature additions; Advanced tier is the visual anchor with structurally-related feature bundle.,Full Value Ladder (Free → Starter → Advanced → Enterprise) with mechanical and structural upgrade triggers at each rung.,Advanced tier as anchor; Starter as reasonable growth tier; Personal Free as visible adoption surface.,Per-user monthly or annual with annual discount; no usage metering on task volume or storage.,per-user|user-cap-trigger|bundled-anchor|cross-functional-pm,https://asana.com/,https://asana.com/pricing,2026-05-18,https://unlocksaas.com/pricing-teardown/asana,https://unlocksaas.com/pricing-teardown/asana/md
airtable,Airtable,"Howie Liu, Andrew Ofstad, Emmett Nicholas",Productivity and workspace,Airtable prices per-editor with the 5-editor free cap as the mechanical trigger. Automation runs and AI credits are secondary upgrade triggers.,"Airtable's pricing structure leans into the database-superpowers-for-non-developers positioning: 5 editors free, per-editor tiers add Interfaces, Automation runs, and AI credits. The lesson for indie founders: when your product has multiple value-capture moments (per-editor, per-automation, per-AI-call), layered triggers convert at different growth events. Single-axis pricing misses the secondary monetization paths.","A relational database platform for non-developers with Interfaces, Automations, and AI for building no-code internal tools.","Operations-heavy teams, marketers, ops leaders, and product managers who need structured data and internal tools without engineering.",Per-editor tiered subscription with Automation-runs and AI-credits secondary triggers,Monthly or annual with annual discount; per-editor pricing with automation runs metered separately at higher tiers,Free tier IS the trial for small teams; paid tiers offer time-limited trials for full feature evaluation.,4,Business tier as anchor,"Business at approximately $45/seat/mo anchors the page for scaling ops teams. Team at approximately $20 reads as the natural starting tier for growing teams; Free is the entry. The unusual structural element is the multiple secondary triggers (record limits, automation runs, AI credits) — each scales independently of editor count, creating multiple paths to upgrade as ops workflows mature.",5-editor cap plus automation-runs cap plus record cap,Three triggers fire together: 5-editor cap on Free is the primary structural trigger as ops teams grow; 100 automation runs/mo cap forces teams running workflows to upgrade quickly; 100k records per base on Team forces teams with significant data to upgrade to Business. The layered triggers mean Airtable monetizes at three different growth events rather than relying on a single conversion path.,"5-editor free tier cap is mechanical and predictable as ops teams grow.|Per-editor pricing aligns the bill with team adoption, which matches how Airtable usage scales.|Automation runs as secondary trigger captures teams that automate workflows heavily.|Record limits as tertiary trigger captures teams with significant data volume.|AI credits as quaternary trigger captures teams adopting AI-augmented workflows.|Interfaces feature at Team tier is the canonical differentiator that makes the Free-to-Team upgrade structurally compelling.",Layered upgrade triggers (multiple caps that scale independently) convert at different growth events and capture more revenue than single-axis pricing.|Editor-count caps + automation-runs caps + record caps map to different team-maturity stages and trigger conversion at each stage.|Anchor with a tier that has real customers (Business at $45/seat/mo for Airtable) not aspirational tiers.,"Do not adopt multi-cap pricing without monitoring which cap actually drives conversion. Sometimes one cap dominates and the others are noise; pricing complexity without conversion data wastes optimization time.|Do not adopt per-editor pricing if your value scales with viewers more than editors. Airtable's per-editor model works because editors are the value-creating role; if your viewers dominate the workflow, viewer-free + editor-paid (Figma model) is better.",Four-rung stack with multiple secondary triggers; Business tier is the visual anchor.,Full Value Ladder with editor-count primary trigger and automation/records/AI secondary triggers.,Business tier as anchor; Team as reasonable growth tier; Free as ops-team adoption surface.,Per-editor monthly or annual with annual discount; automation runs and records metered at higher tiers.,per-editor|layered-triggers|automation-runs|no-code-database,https://www.airtable.com/,https://www.airtable.com/pricing,2026-05-18,https://unlocksaas.com/pricing-teardown/airtable,https://unlocksaas.com/pricing-teardown/airtable/md
framer,Framer,Koen Bok and Jorn van Dijk,Design and prototyping,"Framer bifurcates pricing: per-site for publishing, per-seat for design. The two pricing axes match the two value-capture moments.","Framer's pricing structure separates the publishing value-capture moment (per-site) from the design-time value-capture moment (per-seat). The bifurcation matches the actual value moments: publishing is when the design becomes live; designing is the ongoing collaborative work. The lesson for indie founders: when your product has multiple distinct value-capture moments, bifurcated pricing axes capture each axis independently — single-axis pricing leaves money on the table at the secondary value moment.",A design-and-publish platform that lets designers ship live marketing sites and landing pages without engineering handoff.,Designers building marketing sites and landing pages who want to publish their design work directly without coding or engineering involvement.,Bifurcated pricing: per-site for publishing + per-seat for design tier,Monthly or annual with annual discount; per-site tiers for publishing + per-seat tiers for design,Free tier IS the trial; sites can publish on framer.website subdomain at no cost for evaluation.,6,Bifurcated pricing as anchor,"Framer's anchor mechanic is structural rather than tier-based. The two pricing axes (per-site for publishing, per-seat for design) anchor against the alternative (build the site in Webflow with per-site pricing only, or design in Figma and pay engineering to publish). Buyers comparing Framer recognize the bifurcation as honest — you pay for what you use on each axis. The complexity is justified by the two-distinct-value-moment structure.",Per-site visitor cap plus design-team-scale trigger,"Two trigger types fire: per-site upgrades fire when sites hit the visitor cap on lower tiers (Mini at 1k/mo, Basic at 10k/mo, Pro at 200k/mo); per-seat design tier upgrades fire when design teams add collaborators. The triggers operate on independent axes — site traffic growth and design team growth are uncorrelated, so each axis monetizes separately.",Bifurcated pricing axes match the two distinct value-capture moments (publishing vs designing).|Per-site visitor caps as upgrade triggers map to mechanical growth events that buyers understand intuitively.|Free tier with framer.website subdomain seeds visible-customer presence — designers see other Framer-built sites and recognize the aesthetic.|Branded subdomain (framer.website) removal at the Mini tier captures the publishing-moment willingness-to-pay spike.|Native CMS at higher tiers handles dynamic content needs without external CMS integration.|Per-seat design tier captures collaborative-design value separately from publishing value.,"When your product has multiple distinct value-capture moments, bifurcated pricing axes capture each axis independently.|Per-site (or per-unit) pricing matches publishing-style value; per-seat matches collaboration-style value. Mixing them maps to multi-axis value structures.|Visitor caps as per-site upgrade triggers match how sites actually grow — traffic is the value driver buyers recognize.",Do not bifurcate pricing if your value-capture moments are not actually distinct. The complexity costs conversion when buyers cannot map the axes to their own workflow.|Do not gate the per-site publishing capability behind per-seat pricing. Framer works because designers can publish many sites without adding seats — bundling the axes would lose the indie-designer segment.,Bifurcated stack: per-site stack for publishing + per-seat stack for design.,Multi-axis Value Ladder with publishing tiers and design tiers as parallel ladders.,Bifurcation-as-anchor; the structural distinctness of axes anchors against single-axis competitors.,Per-site monthly or annual for publishing + per-seat monthly or annual for design; visitor caps metered per site.,bifurcated-pricing|per-site-plus-per-seat|visitor-cap-trigger|publish-and-design,https://www.framer.com/,https://www.framer.com/pricing,2026-05-18,https://unlocksaas.com/pricing-teardown/framer,https://unlocksaas.com/pricing-teardown/framer/md
substack,Substack,"Hamish McKenzie, Chris Best, Jairaj Sethi",Newsletter platform,Substack charges no upfront fee — writers join free. The 10% revenue-share on paid subscriptions captures value only when writers succeed.,"Substack's pricing structure is the canonical revenue-share model: writers join the platform for free and Substack takes 10% of paid subscription revenue plus Stripe fees. The model removes adoption friction at the canonical decision point and aligns Substack's incentives with writer success. The lesson for indie founders: when your platform value scales with customer revenue, revenue-share pricing removes upfront friction AND ensures you only win when customers win.","A publication platform for writers with paid subscriptions, Notes (Twitter-style microblogging), Recommendations (cross-publication discovery), and the unified Substack app.","Writers, journalists, essayists building publications with paid subscriptions and audience growth through Substack's discovery network.",Free platform with revenue-share on paid subscriptions,Revenue share deducted per transaction; writers receive net revenue via Stripe payouts,Free platform IS the trial; writers can publish for years without paying anything if they do not enable paid subscriptions.,3,Free-platform anchor,"Substack's pricing has no anchor in the traditional sense — there are no tiers to anchor between. The single anchor is the free-to-publish promise itself. Writers comparing Substack to subscription platforms (Beehiiv, Kit) see one number ($0 upfront) and recognize the no-friction adoption value. The 10% revenue share is positioned as the success-fee, not as a tier — it only fires when writers succeed.",Paid subscription activation,The only trigger is when writers enable paid subscriptions and gain paying subscribers. Substack receives revenue only at that moment. Writers who publish for years without monetizing cost Substack nothing; writers who monetize pay 10% proportionally. The trigger is binary (paid subscriptions enabled or not) and aligns with the success moment.,"Free platform removes adoption friction at the canonical decision point.|Revenue share aligns Substack's incentives with writer success — Substack only wins when writers win.|10% take rate is positioned as the success fee, not as a platform fee — writers do not feel the cost until they have revenue to share.|Single-line pricing eliminates evaluation complexity at the platform-comparison stage.|Network effects (Recommendations, Notes, app) compound at no marginal cost to writers, making the platform feel more valuable over time.|Custom partnerships for large publishers preserves negotiation flexibility without exposing custom rates publicly.","When your platform value scales with customer revenue, revenue-share pricing removes upfront friction AND ensures incentive alignment.|Free-platform-plus-success-fee converts buyers who would reject subscription pricing on principle.|Position the revenue share as a success fee, not as a platform fee — the framing matters for buyer perception.","Do not adopt revenue-share pricing if your platform cost does not scale with customer revenue. The model only works when the economics align — fixed-cost platforms with variable-revenue customers go broke on revenue share.|Do not set the take rate too high if writer margins are thin. Substack's 10% works for paid newsletter subscriptions; for higher-margin businesses 30% (Apple) works, for lower-margin businesses 5% might be the ceiling.",Single-rung stack — free platform with success-fee monetization. No tier stack.,Single transactional rung (free + revenue share) with custom partnerships as off-ladder option.,Free-platform anchor; the absence of upfront pricing IS the anchor mechanism.,"Revenue share per paid subscription transaction; no monthly base, no per-subscriber metering for free subscribers.",revenue-share|free-platform|incentive-alignment|success-fee,https://substack.com/,https://substack.com/going-paid,2026-05-18,https://unlocksaas.com/pricing-teardown/substack,https://unlocksaas.com/pricing-teardown/substack/md
confluence,Confluence,Atlassian,Knowledge management and wiki,"Confluence prices per user with bundle leverage. The pricing story is the suite, not the standalone page.","Confluence runs Atlassian-style per-user tiered pricing with a generous-but-capped free tier and meaningful suite bundling. The free tier (up to 10 users) is a top-of-funnel catcher for the eventual Jira sale; paid tiers ascend through Standard, Premium, and Enterprise with feature gates calibrated for IT-led mid-market and enterprise procurement. The lesson for indie founders: per-user pricing only works when you have a buyer who already thinks in seats, and bundle leverage only works when you have a bundle.",A team wiki and documentation platform sold standalone and as part of the Atlassian suite.,"Engineering organisations, IT-led mid-market and enterprise teams, and Atlassian-suite customers needing tightly-integrated documentation.",Per-user tiered subscription with suite-bundle discounts,Monthly or annual; annual discount applied at checkout. Suite-bundle discounts when bought with Jira and other Atlassian products.,"Standard, Premium, and Enterprise plans offer 7-to-14-day trials with full feature access; free tier persists indefinitely at the 10-user cap.",4,Premium-anchored ladder with enterprise tail,Premium is the visual anchor on the pricing page — the most-feature-rich tier short of enterprise quote. The Premium tier signals 'serious teams pay roughly $11/user/month' which makes Standard read as the entry-level rather than the cheap option. Enterprise is the implicit ceiling that gives Premium social permission to feel reasonable.,Hard caps and governance gates,"Upgrade from Free is triggered hard at 11 users. Upgrade from Standard to Premium is triggered when governance, analytics, or compliance becomes a procurement requirement — typically IT-led. Upgrade from Premium to Enterprise is triggered by SSO, audit, and data residency requirements that mid-market teams cannot self-serve.","Per-user tiered pricing maps cleanly to how IT-led mid-market buyers think about software cost.|Free tier at 10 users is generous enough to onboard small teams without being a long-term home.|Suite-bundle leverage lets Confluence compete on price within the Atlassian ecosystem in ways standalone wikis cannot match.|Enterprise tier sits behind a quote, preserving negotiation surface and signalling 'we serve real enterprises'.|Premium-anchor positioning makes Standard feel like the entry rather than the cheap option.","If your buyer thinks in seats, per-user pricing is structurally easier to budget than per-anything-else.|A hard user cap (not a feature cap) on the free tier is the cleanest upgrade trigger when seats are the value unit.|Quote-pricing for enterprise is the right move when contracts need negotiation; transparent pricing is wrong for that buyer.",Do not copy per-user pricing if your buyer is a single founder — they are not budgeting in seats.|Do not rely on bundle leverage you do not have; standalone products cannot mimic suite economics.|Do not gate enterprise behind a quote unless you have actual enterprise infrastructure to deliver.,Standard-Premium-Enterprise ladder with feature stacking calibrated for IT-led procurement.,Free wiki → Standard collaboration → Premium governance → Enterprise compliance.,Premium is the anchor; Enterprise is the implicit ceiling that justifies it.,Per-user monthly or annual; annual discount; bundle leverage within Atlassian suite.,per-user|suite-leverage|enterprise|knowledge-management,https://www.atlassian.com/software/confluence,https://www.atlassian.com/software/confluence/pricing,2026-05-18,https://unlocksaas.com/pricing-teardown/confluence,https://unlocksaas.com/pricing-teardown/confluence/md
savvycal,SavvyCal,Derrick Reimer,Scheduling and meeting booking,SavvyCal prices flat per user with no tier explosion. The pricing page reinforces the craft-tool positioning the product already established.,"SavvyCal's pricing is a deliberate two-tier ladder: Basic for solo users, Premium for power users, with team pricing as a third quiet tier. Prices are flat-monthly with annual discount, no per-meeting fees, no enterprise quote-wall. The lesson for indie founders: when your product positions as a craft tool, the pricing page should be restrained and predictable — pricing complexity contradicts a craft positioning even when each individual tier is justified.",A scheduling tool whose differentiator is overlaying the recipient's calendar on the booking page.,"Founders, consultants, and senders who book peer-to-peer meetings and want a scheduling experience that signals respect.",Flat per-user tiered subscription,Monthly or annual; annual discount roughly two months free.,Free tier is a real free tier (one link forever) rather than a 14-day trial; paid tiers offer trial windows on signup.,4,Premium-as-anchor with restrained ladder,"Premium is the anchor that makes Basic feel like the obvious entry. The ladder is deliberately short — only three real paid tiers — which reinforces the 'craft tool, not enterprise sprawl' positioning the product is built on. There is no decoy tier and no quote-wall.",Workflow depth as upgrade driver,"Upgrade from Free to Basic is triggered by needing more than one scheduling link. Upgrade from Basic to Premium is triggered by routing complexity, multi-calendar accounts, or automation needs — typically the moment a solo user starts handling meaningfully more inbound bookings.",Flat per-user pricing avoids the per-meeting-fee trap and matches how solo founders budget software.|Restrained 3-tier ladder reinforces craft-tool positioning consistent with the product's UX.|Premium tier is the anchor that makes Basic feel reasonable rather than expensive.|Real free tier (one link forever) lets the overlay UX be experienced before any purchase decision.|No quote-wall keeps the pricing experience honest and matches the indie buyer's preferences.,"If your product positions as a craft tool, keep the pricing page restrained — short ladder, no decoys, no quote-walls.|A real free tier (limited but unlimited-in-time) lets the differentiator be experienced; trial windows do not give the same proof.|Anchor with a Premium tier that justifies the entry-level price rather than discounting the entry-level toward the floor.",Do not add tiers just because competitors have them — extra tiers contradict craft-tool positioning.|Do not gate the differentiating UX behind the paid tier — the free tier exists to demonstrate the wedge.|Do not introduce per-meeting fees as the product scales — the absence of per-unit pricing is part of SavvyCal's wedge.,"Free → Basic → Premium → Team; short, restrained, premium-anchored stack.",Free overlay sample → Basic for solo founders → Premium for workflow depth → Team for small groups.,Premium is the anchor that makes Basic feel like the right entry; no decoy.,Flat per-user monthly or annual; annual discount; no per-meeting or per-booking fees.,per-user|flat-pricing|craft-tool|scheduling,https://savvycal.com/,https://savvycal.com/pricing,2026-05-18,https://unlocksaas.com/pricing-teardown/savvycal,https://unlocksaas.com/pricing-teardown/savvycal/md
ghost,Ghost,John O'Nolan,Newsletter and publishing platforms,"Ghost's pricing is the principle — zero platform cut on subscription revenue, member-tier pricing on managed hosting. The pricing page is the proof.","Ghost(Pro) prices by member count with a flat-per-tier subscription, charges zero percent on subscription revenue beyond Stripe fees, and ships self-hosting free under the open-source license. The pricing model is structural proof of the ownership positioning: at scale, Ghost is dramatically cheaper than managed creator networks. The lesson for indie founders: when your positioning depends on a principle, the pricing page should be the most concrete evidence of it.","An open-source publishing platform for newsletters, blogs, and membership publications.","Writers, publishers, and small media companies who want a fully owned site with no platform cut on subscription revenue.",Member-count tiered subscription (Ghost Pro) with free self-host alternative,Monthly or annual; annual discount; member-count-based tier triggers.,Ghost Pro offers a 14-day free trial; self-host is permanently free open-source.,5,"Self-host-as-floor, member-count-as-ladder","The free self-host option anchors the entire pricing page as 'this is open source, you can run it yourself'. Ghost(Pro) then prices managed hosting on member-count tiers — a usage-aligned metric that scales with the publisher's success rather than with their team or seat count. The Business tier sits as the implicit enterprise ceiling.",Member-growth as upgrade driver,"Upgrade from Starter to Creator is triggered at ~500 paying members — typically when a newsletter has demonstrated real product-market fit. Subsequent tier upgrades follow member growth at fixed thresholds. The zero-revenue-cut economics mean the publisher captures the marginal revenue from growth, not the platform.","Zero platform cut on subscription revenue is structurally cheaper than Substack at scale, and the math is verifiable.|Self-host option proves the open-source positioning is real, not marketing.|Member-count tiers align platform cost with publisher growth rather than team size.|Tier thresholds are publicly visible — no quote-wall, no negotiation surface needed.|Annual discount aligns publisher cashflow with annual subscription revenue patterns.","If your positioning depends on a principle (ownership, transparency, no-lock-in), the pricing page is your most concrete evidence — make it match.|Usage-aligned pricing (member count, customer count) feels fairer to growing customers than per-seat for the same revenue.|Publishing tier thresholds publicly reinforces transparency positioning; quote-walls contradict it.",Do not copy zero-revenue-cut economics if your platform genuinely depends on percentage revenue — the math has to work.|Do not assume open-source self-host will dominate revenue — Ghost(Pro) is the commercial engine.|Do not price below cost for the principle alone — Ghost's economics work because the marginal cost per member is low.,Self-host → Starter → Creator → Team → Business; member-count-aligned stack.,Free self-host → Starter for new publications → Creator for growing → Team for publications → Business for scale.,Self-host anchors the entire ladder as principled; Business is the implicit ceiling.,Member-count tiered monthly or annual; zero platform cut on subscription revenue beyond Stripe fees.,principle-led|open-source|member-tiered|no-platform-cut,https://ghost.org/,https://ghost.org/pricing/,2026-05-18,https://unlocksaas.com/pricing-teardown/ghost,https://unlocksaas.com/pricing-teardown/ghost/md
monday,Monday.com,Roy Mann and Eran Zinman,Project management and work-OS platform,Monday prices per seat with minimum-seat thresholds and feature-gated tiers. The pricing page is built for trial-led conversion under paid-acquisition amplification.,"Monday's pricing runs per-seat through Basic, Standard, Pro, and Enterprise tiers with feature gates calibrated for non-technical team buyers. Minimum-seat thresholds on most tiers push toward team adoption rather than solo use. The free tier is capped at 2 users — explicitly a downgrade catcher, not a primary entry. The lesson for indie founders: when your acquisition is paid-trial-led, the pricing page job is to convert a trial-warm buyer to a team subscription, not to win a cold reader.","A visual work-OS platform with vertical products (Work Management, Dev, CRM, Service).",Non-technical team leads who want a visual project management surface their team will adopt.,Per-seat tiered subscription with minimum-seat thresholds,Monthly or annual; annual discount roughly 18 percent; seat minimums on paid tiers.,All paid tiers offer 14-day free trials with no credit card; free tier is a permanent 2-user catcher.,5,Pro-as-anchor with enterprise ceiling,"Pro is the visual anchor and the tier most often recommended by Monday's onboarding flow. Pro makes Standard feel like the entry rather than the expensive option, and Basic feel like the bare-minimum tier that most real teams will outgrow. Enterprise is the implicit ceiling that gives Pro permission to feel reasonable.",Feature gates calibrated to team growth,"Upgrade from Basic to Standard is triggered when a team needs timelines, automations, or guest access — typically within the first month of real use. Upgrade from Standard to Pro is triggered by time tracking, dependencies, or private boards — typically when the team grows past 10 people. Upgrade to Enterprise is triggered by procurement requirements (SSO, security).","Per-seat pricing with 3-seat minimum pushes toward team adoption from the first paid moment.|Pro-anchor positioning makes Standard feel like the obvious entry tier for most teams.|Feature gates between tiers (timeline, automation, time tracking) map cleanly to team growth stages.|Free tier capped at 2 users is honestly positioned as evaluation, not a long-term home.|Trial-led conversion with no credit card matches the paid-acquisition funnel design.|Enterprise quote-wall preserves negotiation surface and enterprise sales motion.","Trial-led conversion with no credit card is the right mechanic when your acquisition is paid-amplified.|Feature gates calibrated to team growth stages create natural upgrade triggers without artificial caps.|Anchor your pricing page on the tier you actually want most buyers to pick, not the cheapest one.",Do not copy minimum-seat thresholds if your buyer is solo — minimums kill solo conversion entirely.|Do not gate enterprise behind a quote unless you have enterprise infrastructure to deliver against.|Do not assume your free tier will convert without paid acquisition amplifying the awareness — Monday spends heavily on TV and podcasts that an indie SaaS cannot replicate.,Basic-Standard-Pro-Enterprise; feature-gated stack with pro as the anchor.,Free (2 users evaluator) → Basic core → Standard collaboration → Pro complex workflows → Enterprise governance.,Pro is the anchor; Basic reads as bare-minimum; Enterprise as implicit ceiling.,Per-seat monthly or annual with seat minimums; trial-led conversion with no credit card.,per-seat|seat-minimum|trial-led|work-os,https://monday.com/,https://monday.com/pricing,2026-05-18,https://unlocksaas.com/pricing-teardown/monday,https://unlocksaas.com/pricing-teardown/monday/md
