record_type,slug,name_a,name_b,category,one_line,tldr,creator,homepage_url_a,homepage_url_b,tags,last_verified,canonical_url,markdown_url
funnel_teardown,tally,Tally,,Forms and surveys,Tally turns the freemium ceiling into the headline. The funnel is the price line.,"Tally's funnel leads with a single, unconditional promise: free forever, unlimited forms, unlimited submissions. That price line IS the hook, the story, and most of the offer. The lesson for indie founders: when your category is crowded, one specific structural promise on the hero converts better than a feature list.",Marie Martens and Filip Minev,https://tally.so/,,product-led-growth|freemium|category-anchor|creator-tools,2026-05-17,https://unlocksaas.com/funnel-teardown/tally,https://unlocksaas.com/funnel-teardown/tally/md
funnel_teardown,plausible,Plausible Analytics,,Privacy analytics,Plausible sells transparency as the product. Open revenue dashboards do the conversion work.,"Plausible's funnel is built around radical operational transparency: open-source code, public revenue, named founders, and a manifesto against the dominant incumbent (Google Analytics). The lesson for indie founders: a clear villain plus a clear principle plus visible proof of life converts cold privacy-leaning readers faster than feature parity ever will.",Uku Taht and Marko Saric,https://plausible.io/,,positioning|open-source|transparency|developer-tools|category-anchor,2026-05-17,https://unlocksaas.com/funnel-teardown/plausible,https://unlocksaas.com/funnel-teardown/plausible/md
funnel_teardown,lemonsqueezy,Lemon Squeezy,,Payments and Merchant of Record,"Lemon Squeezy sold a category swap (MoR), not a feature. The funnel reframes payments into compliance relief.","Lemon Squeezy's funnel never competed with Stripe on payment processing. It sold a category swap: Merchant of Record, which means the platform handles sales tax and VAT compliance on the indie founder's behalf. The lesson for indie founders: when the incumbent owns the category, your funnel must reframe the buying decision into a different category entirely.",JR Farr and team (acquired by Stripe in 2024),https://www.lemonsqueezy.com/,,category-reframe|indie-founders|payments|branding,2026-05-17,https://unlocksaas.com/funnel-teardown/lemonsqueezy,https://unlocksaas.com/funnel-teardown/lemonsqueezy/md
funnel_teardown,beehiiv,Beehiiv,,Newsletter platform,"Beehiiv positions against Substack on creator monetization, not features. The funnel sells the upgrade path.","Beehiiv's funnel does not try to out-feature Substack. It positions on the creator monetization stack (ads network, paid subscriptions, referrals, boosts) and lets the reader self-select as 'a serious creator who wants to make this a business'. The lesson: when you cannot out-feature the incumbent, out-position them on the buyer's future identity.",Tyler Denk,https://www.beehiiv.com/,,identity-positioning|value-ladder|creator-tools|monetization,2026-05-17,https://unlocksaas.com/funnel-teardown/beehiiv,https://unlocksaas.com/funnel-teardown/beehiiv/md
funnel_teardown,cal-com,Cal.com,,Scheduling,Cal.com sells the open-source alternative to Calendly. The repo IS the trust signal.,"Cal.com's funnel positions as the open-source, infinitely-extensible alternative to Calendly. The GitHub repo and self-host option are the trust assets that justify the paid hosted tier. The lesson: in a category dominated by a closed SaaS, open-source positioning is a wedge that converts the developer-adjacent buyer who could-but-will-not-build-it-themselves.",Peer Richelsen and Bailey Pumfleet,https://cal.com/,,open-source|developer-tools|alternative-to|category-anchor,2026-05-17,https://unlocksaas.com/funnel-teardown/cal-com,https://unlocksaas.com/funnel-teardown/cal-com/md
funnel_teardown,resend,Resend,,Email API,Resend sells developer experience as the differentiator in a commodity category. The funnel reads like documentation.,"Resend's funnel treats the homepage as a code sample and the docs as a sales page. By making the developer experience itself the differentiator in a category (transactional email) where the incumbent (SendGrid) is widely considered painful, Resend converts technical buyers in minutes. The lesson: developer experience is a marketing surface, and your docs are part of the funnel.",Zeno Rocha and team,https://resend.com/,,developer-tools|free-tool|documentation-as-marketing|founder-led,2026-05-17,https://unlocksaas.com/funnel-teardown/resend,https://unlocksaas.com/funnel-teardown/resend/md
funnel_teardown,mintlify,Mintlify,,Developer documentation,Mintlify made beautiful docs a category. The funnel demos itself.,"Mintlify's funnel works because the marketing site IS a Mintlify-built docs site, and so are the docs sites of every visible customer. Every page a developer reads in the category is implicit Mintlify advertising. The lesson: if your product produces a public artifact, optimize for the artifact being recognizable and traceable back to you.",Han Wang and Hahnbee Lee,https://mintlify.com/,,developer-tools|borrowed-authority|free-tier|output-as-proof,2026-05-17,https://unlocksaas.com/funnel-teardown/mintlify,https://unlocksaas.com/funnel-teardown/mintlify/md
funnel_teardown,senja,Senja,,Testimonial collection,Senja sells a problem most SaaS know they have but never name. The funnel uses its own product as the demo.,"Senja's funnel solves the problem every SaaS founder eventually hits: how to collect and display testimonials without a custom build. The marketing site is filled with testimonials collected and displayed by Senja itself, so the reader sees the output in use within seconds. The lesson: if you solve a near-universal SaaS pain, your funnel can stay short.",Wes Bos and team,https://senja.io/,,universal-pain|product-as-marketing|free-tier|social-proof,2026-05-17,https://unlocksaas.com/funnel-teardown/senja,https://unlocksaas.com/funnel-teardown/senja/md
funnel_teardown,tella,Tella,,Video for SaaS sales,Tella turned async sales video into a product category. The funnel runs on the output.,"Tella's funnel relies on the fact that Tella-produced sales videos look different from Loom-produced ones, so every shared Tella video on the public web is implicit advertising. The lesson: pick the visible-output category and design the output to be recognizable.",Tella team,https://www.tella.tv/,,visible-output|founder-led|video|free-tier,2026-05-17,https://unlocksaas.com/funnel-teardown/tella,https://unlocksaas.com/funnel-teardown/tella/md
funnel_teardown,loops,Loops,,SaaS email platform,Loops sells the SaaS-specific email job. The funnel ignores marketers and talks to founders.,"Loops positions explicitly for SaaS founders rather than for marketers, which is the inverse of how Mailchimp, ConvertKit, and Klaviyo position. The funnel uses SaaS-native vocabulary (loops, transactional, lifecycle, audience segments by Stripe events), so a founder reading the homepage feels seen in a way generic email platforms do not allow. The lesson: name your buyer by their job title in the hero copy.",Chris Frantz and team,https://loops.so/,,named-buyer|bundling|founder-led|saas-tooling,2026-05-17,https://unlocksaas.com/funnel-teardown/loops,https://unlocksaas.com/funnel-teardown/loops/md
funnel_teardown,polar,Polar,,Creator monetization and payments,Polar bundled MoR plus creator monetization into a single sell. The funnel targets the open-source maintainer specifically.,"Polar combined Merchant of Record payments with creator monetization features (subscriptions, sponsorships, licensing) and pointed the entire funnel at open-source maintainers. The lesson: bundling two compatible categories at a named buyer segment can create a category of one.",Birk Jernström and team,https://polar.sh/,,named-buyer|category-reframe|developer-tools|monetization,2026-05-17,https://unlocksaas.com/funnel-teardown/polar,https://unlocksaas.com/funnel-teardown/polar/md
funnel_teardown,screen-studio,Screen Studio,,Screen recording for marketing video,Screen Studio is a one-person indie business funnel. The output is the marketing.,"Screen Studio is a single-developer SaaS that became a category aesthetic. The funnel is short because the output (auto-zoomed, smoothly-animated screen recordings) is so distinctive that any video produced with the tool credentials it on sight. The lesson: a one-person SaaS can win on output recognition alone, without paid acquisition.",Adam Pietrasiak,https://www.screen.studio/,,solo-founder|visible-output|one-time-pricing|attractive-character,2026-05-17,https://unlocksaas.com/funnel-teardown/screen-studio,https://unlocksaas.com/funnel-teardown/screen-studio/md
funnel_teardown,notion,Notion,,Productivity and workspace,Notion's funnel turns personal free use into team-paid revenue. The free tier is the acquisition channel; the team-collaboration friction is the upgrade trigger.,"Notion's funnel is the canonical personal-free-leads-to-team-paid pattern. Personal free use is genuinely valuable, which seeds adoption inside companies; team-collaboration friction (guest limits, version history, SSO) creates the structural upgrade trigger. The lesson for indie founders: when your buyer's individual use creates artifacts a team will eventually want to share, free-personal can be the most efficient acquisition channel.","Ivan Zhao, Simon Last and team",https://www.notion.so/,,identity-hook|freemium|team-trigger|value-ladder|template-gallery,2026-05-17,https://unlocksaas.com/funnel-teardown/notion,https://unlocksaas.com/funnel-teardown/notion/md
funnel_teardown,linear,Linear,,Project management for software teams,"Linear's funnel is restraint as positioning. The hero, the page, the product, and the pricing all communicate one message: software teams who hate process bloat.","Linear's funnel makes minimalism the marketing. The hero, the screenshots, the pricing page, and the product itself all signal the same value: software teams who reject configurability for speed. The lesson for indie founders: when your audience resents the dominant incumbent's specific structural choice, naming that rejection and embodying its opposite is the highest-conversion positioning available.","Karri Saarinen, Tuomas Artman, Jori Lallo",https://linear.app/,,aesthetic-positioning|implied-villain|developer-tools|restraint|minimalism,2026-05-17,https://unlocksaas.com/funnel-teardown/linear,https://unlocksaas.com/funnel-teardown/linear/md
funnel_teardown,vercel,Vercel,,Frontend cloud and hosting,Vercel's funnel runs through Next.js. The hosting is the product; the framework is the acquisition channel; the developer community is the distribution.,"Vercel's funnel works because Vercel maintains Next.js, which makes Next.js documentation, examples, and community content effectively a permanent acquisition channel for Vercel hosting. The lesson for indie founders: owning the canonical reference for a tool in your category creates compounding distribution that paid acquisition cannot match.",Guillermo Rauch and team,https://vercel.com/,,framework-ownership|dream-100|developer-tools|usage-based|founder-led,2026-05-17,https://unlocksaas.com/funnel-teardown/vercel,https://unlocksaas.com/funnel-teardown/vercel/md
funnel_teardown,figma,Figma,,Design and prototyping,Figma's funnel turns viewers into ads. Every shared design file is a Figma demo running on someone else's site.,"Figma's funnel works because viewers, commenters, developers, and clients all encounter Figma at zero cost when designers share files. Per-editor pricing means the high-multiplier role (viewer) is free and the value-capture role (editor) pays. The lesson for indie founders: if your product has a high viewer-to-editor ratio, freeing the viewer turns shared output into a permanent acquisition channel.",Dylan Field and team,https://www.figma.com/,,per-editor|viewer-free|borrowed-authority|collaboration|design,2026-05-17,https://unlocksaas.com/funnel-teardown/figma,https://unlocksaas.com/funnel-teardown/figma/md
funnel_teardown,stripe,Stripe,,Payments infrastructure,Stripe's funnel is documentation. The marketing site sets the appointment; the docs close the deal; the brand is built one developer at a time.,"Stripe's funnel is structured around developers evaluating payment infrastructure: the marketing site states the simple proposition, the documentation answers every implementation question, the case studies anchor the brand to credible companies. The lesson for indie founders: when your buyer evaluates by trying the product, documentation IS the closing surface and should be treated as part of the funnel.",Patrick and John Collison,https://stripe.com/,,documentation-as-funnel|simplicity|developer-tools|single-line-pricing,2026-05-17,https://unlocksaas.com/funnel-teardown/stripe,https://unlocksaas.com/funnel-teardown/stripe/md
funnel_teardown,fathom,Fathom Analytics,,Privacy analytics,"Fathom's funnel runs on founder-led indie credibility. Jack Ellis and Paul Jarvis write the marketing, build the product, and answer the support emails — and the audience trusts them for it.","Fathom Analytics's funnel is built on founder-led indie credibility. Jack Ellis and Paul Jarvis are visible across Twitter, the blog, and customer support, and the marketing leans into the small-team-shipping-quietly aesthetic that privacy-leaning buyers respond to. The lesson for indie founders: when your audience is values-aligned, founder visibility IS the brand and beats anonymous-SaaS positioning at scale.",Jack Ellis and Paul Jarvis,https://usefathom.com/,,founder-led|attractive-character|indie-friendly|privacy-analytics,2026-05-17,https://unlocksaas.com/funnel-teardown/fathom,https://unlocksaas.com/funnel-teardown/fathom/md
funnel_teardown,calendly,Calendly,,Scheduling,Calendly's funnel runs on category-default mindshare. The brand IS the moat — bookers expect to see a Calendly link.,"Calendly's funnel works because the brand is the category default. When sales teams or freelancers share a scheduling link, recipients expect to see Calendly and are mildly surprised by alternatives. The lesson for indie founders: brand-as-default is a real moat once earned, but the path to earning it is long and not directly replicable; alternatives must compete on principle or feature gap rather than brand.",Tope Awotona,https://calendly.com/,,category-default|brand-as-moat|free-tier-flywheel|incumbent,2026-05-17,https://unlocksaas.com/funnel-teardown/calendly,https://unlocksaas.com/funnel-teardown/calendly/md
funnel_teardown,postmark,Postmark,,Email API,Postmark's funnel runs on deliverability obsession. For over a decade the marketing has hammered one message: your transactional email actually arrives.,"Postmark's funnel is built around a single structural promise: deliverability. The marketing has hammered this message for over a decade, with separate transactional and broadcast streams as the architectural proof point. The lesson for indie founders: when the structural decision (separated streams) IS the differentiator, the marketing only needs to repeat one message.",Wildbit team (acquired by ActiveCampaign in 2022),https://postmarkapp.com/,,deliverability|single-message|developer-tools|architectural-proof,2026-05-17,https://unlocksaas.com/funnel-teardown/postmark,https://unlocksaas.com/funnel-teardown/postmark/md
funnel_teardown,testimonial-to,Testimonial.to,,Testimonial collection,Testimonial.to is a solo-founder indie SaaS that competes with Senja on polish. The funnel runs on the visible-customer flywheel.,"Testimonial.to is a solo-founder indie SaaS in the testimonial collection space, competing head-to-head with Senja. The funnel runs on the same visible-customer flywheel both companies use — every Testimonial.to widget on a customer's marketing site is implicit advertising. The lesson for indie founders: in indie-friendly categories with visible-output products, solo founders can compete credibly against funded companies if the output flywheel is built in.",Damon Chen,https://testimonial.to/,,solo-founder|visible-output|indie-friendly|build-in-public,2026-05-17,https://unlocksaas.com/funnel-teardown/testimonial-to,https://unlocksaas.com/funnel-teardown/testimonial-to/md
funnel_teardown,clickup,ClickUp,,Project management for software teams,"ClickUp's funnel runs on the 'one tool to replace them all' positioning. The breadth IS the marketing, and the configurability IS the moat against opinionated competitors.",ClickUp's funnel works because the marketing leads with the consolidation promise (replace tasks + docs + chat + whiteboards + forms + time tracking + goals with one tool). The configurability that gets criticized as overkill in head-to-head comparisons becomes the moat against opinionated competitors — buyers who need that flexibility have nowhere else to go. The lesson for indie founders: the right positioning depends on whether your category is fragmented (consolidation wins) or simple (opinionated minimalism wins).,Zeb Evans,https://clickup.com/,,consolidation|configurability|free-tier-generous|all-in-one,2026-05-17,https://unlocksaas.com/funnel-teardown/clickup,https://unlocksaas.com/funnel-teardown/clickup/md
funnel_teardown,render,Render,,Frontend cloud and hosting,"Render's funnel runs on bundled-PaaS simplicity. The marketing promises 'modern Heroku' — and the bundled Postgres, Redis, workers, and cron deliver it.",Render's funnel works because the positioning is precise: modern PaaS that bundles every backend service under one dashboard with predictable per-service pricing. The 'modern Heroku' framing converts developers who lived through Heroku's decline and want the bundled-services experience without Heroku's pricing and operational problems. The lesson for indie founders: precise positioning that names a specific pain (Heroku's pricing and ops decline) beats broad positioning that tries to serve everyone.,Anurag Goel,https://render.com/,,managed-paas|bundled-services|modern-heroku|founder-led,2026-05-17,https://unlocksaas.com/funnel-teardown/render,https://unlocksaas.com/funnel-teardown/render/md
funnel_teardown,loom,Loom,,Screen recording for marketing video,"Loom's funnel runs on async-team-communication positioning. The product is the message — record once, share a link, save a meeting.","Loom's funnel works because the product itself IS the marketing. Every Loom recording shared inside a team or with a customer demonstrates the value proposition — 'record once instead of writing a 500-word email.' The free tier seeds the visible-output flywheel; team subscriptions monetize the workflow. The lesson for indie founders: when your product replaces an obviously-painful alternative (long emails, status meetings), the demonstration IS the conversion mechanism.","Joe Thomas, Shahed Khan, Vinay Hiremath (acquired by Atlassian in 2023)",https://www.loom.com/,,async-communication|product-is-marketing|free-tier-flywheel|common-enemy,2026-05-17,https://unlocksaas.com/funnel-teardown/loom,https://unlocksaas.com/funnel-teardown/loom/md
funnel_teardown,gitbook,GitBook,,Developer documentation,GitBook's funnel runs on the broader-knowledge-platform positioning. The marketing leans into docs-plus-internal-wikis-plus-knowledge-bases as one tool.,"GitBook's funnel works because the positioning is broader than dev-tool-docs-specific competitors (Mintlify). The marketing promises one knowledge platform for public docs, internal wikis, and team knowledge bases — which converts buyers who want flexibility over specialization. The lesson for indie founders: when a competitor wins the narrow positioning (Mintlify owns dev-tool aesthetic), the strategic move is to claim a broader scope rather than fight on the same axis.",Samy Pesse and Aaron O'Mullan,https://www.gitbook.com/,,knowledge-platform|broader-scope|wysiwyg|team-wiki,2026-05-17,https://unlocksaas.com/funnel-teardown/gitbook,https://unlocksaas.com/funnel-teardown/gitbook/md
funnel_teardown,asana,Asana,,Project management,Asana's funnel runs on cross-functional-PM-default positioning. The marketing sells coordination as the work itself — not as overhead.,"Asana's funnel works because the marketing reframes cross-functional coordination as the work, not as overhead. The hero leads with goal hierarchy and timeline views; case studies feature marketing, design, ops, and engineering teams coordinating on the same projects. The lesson for indie founders: when your category buyer treats your product as overhead, the highest-leverage positioning move is to reframe the work itself so your product IS the work, not the cost of doing the work.",Dustin Moskovitz and Justin Rosenstein,https://asana.com/,,cross-functional|coordination-as-work|free-user-cap|goal-hierarchy,2026-05-18,https://unlocksaas.com/funnel-teardown/asana,https://unlocksaas.com/funnel-teardown/asana/md
funnel_teardown,airtable,Airtable,,Productivity and workspace,Airtable's funnel runs on the database-superpowers-for-non-developers positioning. The marketing sells the magic moment when a spreadsheet becomes an app.,"Airtable's funnel works because the marketing sells the specific magic moment when a spreadsheet stops being a list and becomes an app. The hero shows that moment — drag-drop forms, linked records, automations — in ways non-developers immediately recognize as 'this is what I have been trying to do in Excel.' The lesson for indie founders: when you democratize a previously-expert capability for non-experts, the marketing must show the magic moment, not explain the technical primitive.","Howie Liu, Andrew Ofstad, Emmett Nicholas",https://www.airtable.com/,,no-code|database|magic-moment|ops-internal-tools,2026-05-18,https://unlocksaas.com/funnel-teardown/airtable,https://unlocksaas.com/funnel-teardown/airtable/md
funnel_teardown,framer,Framer,,Design and prototyping,Framer's funnel runs on the design-to-publish-without-engineering positioning. The marketing sells the moment when a Figma-style design becomes a live site.,"Framer's funnel works because the marketing pivots the design tool category. The hero leads with 'design and publish' — the implicit promise that your design work goes live without engineering handoff. The lesson for indie founders: when an incumbent (Figma) owns the category default, the New Opportunity move is to claim an adjacent category (design-plus-publish) the incumbent cannot enter without abandoning its identity.",Koen Bok and Jorn van Dijk,https://www.framer.com/,,adjacent-category|design-to-publish|output-flywheel|new-opportunity,2026-05-18,https://unlocksaas.com/funnel-teardown/framer,https://unlocksaas.com/funnel-teardown/framer/md
funnel_teardown,substack,Substack,,Newsletter platform,Substack's funnel runs on the network-effect positioning. The platform sells the discovery graph as much as the publication tools.,"Substack's funnel works because the platform sells access to the Substack discovery network as the primary value proposition. The marketing leads with Notes, Recommendations, and the unified app — the implicit promise that joining Substack means joining an audience that grows through cross-publication discovery. The lesson for indie founders: when network effects are real, the network IS the marketing — sell access to the network, not just the product.","Hamish McKenzie, Chris Best, Jairaj Sethi",https://substack.com/,,network-effects|revenue-share|publication-platform|writer-first,2026-05-18,https://unlocksaas.com/funnel-teardown/substack,https://unlocksaas.com/funnel-teardown/substack/md
funnel_teardown,confluence,Confluence,,Knowledge management and wiki,"Confluence sells distribution through Jira. The funnel is the Atlassian suite, not the marketing site.","Confluence's primary acquisition channel is bundle and footprint, not its standalone marketing page. Atlassian sells it as part of a suite alongside Jira, and the marketing site exists to support already-in-progress procurement decisions rather than convert cold readers. The lesson for indie founders: when your true distribution is a partner ecosystem, your marketing site is a confirmation surface, not a hook surface — and that is a real strategy, just not a transferable one without a footprint.",Atlassian,https://www.atlassian.com/software/confluence,,enterprise|suite-distribution|knowledge-management|atlassian,2026-05-18,https://unlocksaas.com/funnel-teardown/confluence,https://unlocksaas.com/funnel-teardown/confluence/md
funnel_teardown,savvycal,SavvyCal,,Scheduling and meeting booking,SavvyCal sells one specific objection: 'your Calendly link feels rude'. The entire funnel is the objection-and-resolution.,"SavvyCal's funnel is built around a single sharp Brunson Hook: the social asymmetry of a Calendly link. The hero, the demo, and the founder narrative all return to the same message — 'we built scheduling that respects the recipient'. The lesson for indie founders: when an incumbent owns the category, naming one specific objection and building your entire product narrative around resolving it can carve out real, defensible niche revenue.",Derrick Reimer,https://savvycal.com/,,wedge|named-objection|founder-led|craft-tool,2026-05-18,https://unlocksaas.com/funnel-teardown/savvycal,https://unlocksaas.com/funnel-teardown/savvycal/md
funnel_teardown,ghost,Ghost,,Newsletter and publishing platforms,"Ghost sells ownership as the product. The funnel is the non-profit foundation, the open-source code, and the explicit anti-Substack framing.","Ghost's funnel positions the product as the principled alternative to managed creator networks: open-source, non-profit-foundation-owned, zero platform-cut on subscriptions. The marketing site, governance structure, and pricing model all reinforce the same wedge — you own the publication, the platform does not own you. The lesson for indie founders: principle-led positioning is durable when the principle maps to a real structural decision (legal entity, code license, revenue model), and it falls apart when it is just rhetoric.",John O'Nolan,https://ghost.org/,,open-source|principle-led|non-profit|publication-platform,2026-05-18,https://unlocksaas.com/funnel-teardown/ghost,https://unlocksaas.com/funnel-teardown/ghost/md
funnel_teardown,monday,Monday.com,,Project management and work-OS platform,"Monday sells visual-first work management to non-technical buyers. The funnel is templates, vertical landing pages, and aggressive paid acquisition.","Monday's funnel is built for a non-technical team buyer through three levers: visual-first product design (the boards look obvious), vertical landing pages (a different homepage per use-case), and heavy paid acquisition (TV, podcast sponsorships, programmatic at scale). The lesson for indie founders: when your buyer is a non-technical team lead, the funnel is the visual demo plus a use-case-specific entry point, not feature parity with developer-shaped competitors.",Roy Mann and Eran Zinman,https://monday.com/,,paid-acquisition|vertical-landing-pages|non-technical-buyer|work-os,2026-05-18,https://unlocksaas.com/funnel-teardown/monday,https://unlocksaas.com/funnel-teardown/monday/md
pricing_teardown,tally,Tally,,Forms and surveys,"Tally prices on a structural promise (free forever, unlimited) and lets the brand-removal pain handle the upgrade.","Tally's pricing page is a single structural promise (free forever, unlimited forms, unlimited submissions) plus a paid tier that removes the Tally brand and unlocks logic. The free tier is not a trial; it IS the offer. The lesson for indie founders: when the incumbent monetizes per-submission, leading with unlimited becomes the entire pricing strategy.",Marie Martens and Filip Minev,https://tally.so/,,freemium|brand-removal-trigger|two-rung-ladder|category-anchor,2026-05-17,https://unlocksaas.com/pricing-teardown/tally,https://unlocksaas.com/pricing-teardown/tally/md
pricing_teardown,lemonsqueezy,Lemon Squeezy,,Payments and Merchant of Record,Lemon Squeezy collapses MoR plus checkout plus subscriptions into one percentage. The bundle hides the per-feature comparison.,"Lemon Squeezy prices as a single percentage-plus-fixed-fee per transaction with Merchant of Record service included. There is no per-feature pricing page to compare against Stripe. The lesson: when you bundle multiple SaaS categories at one price, the buyer evaluates on outcome (compliance handled) rather than parts.",JR Farr and team (acquired by Stripe in 2024),https://www.lemonsqueezy.com/,,bundle-pricing|transactional|single-line|category-reframe,2026-05-17,https://unlocksaas.com/pricing-teardown/lemonsqueezy,https://unlocksaas.com/pricing-teardown/lemonsqueezy/md
pricing_teardown,notion,Notion,,Productivity and workspace,"Notion uses a generous personal-free tier as the viral acquisition channel, then ladders teams up through workspace and AI tiers.","Notion's pricing structure is built around a personal-free tier that is good enough for indie use but creates friction at the team-collaboration boundary. The Team tier (~$10/seat/mo) is the trigger; Business and Enterprise climb from there. AI is priced as an add-on rather than a tier, which lets Notion add new revenue without disturbing the seat ladder. The lesson: personal-free can drive team-paid if the friction sits at the right boundary.","Ivan Zhao, Simon Last and team",https://www.notion.so/,,per-seat|freemium|team-trigger|anchor-tier|add-on-pricing,2026-05-17,https://unlocksaas.com/pricing-teardown/notion,https://unlocksaas.com/pricing-teardown/notion/md
pricing_teardown,linear,Linear,,Project management for software teams,"Linear's pricing reads like a quiet refusal to compete on price. Two paid tiers, no enterprise theatrics, premium positioning baked into the simplicity.","Linear's pricing is minimalist: Free, Basic, Business, plus a custom Enterprise. The page itself is shorter than most competitors' single-tier descriptions. The simplicity is a positioning move: Linear is for design-conscious teams that resent over-complicated tools, including over-complicated pricing pages. The lesson: pricing-page minimalism can BE the positioning.","Karri Saarinen, Tuomas Artman, Jori Lallo",https://linear.app/,,per-seat|minimalism|premium-positioning|developer-tools,2026-05-17,https://unlocksaas.com/pricing-teardown/linear,https://unlocksaas.com/pricing-teardown/linear/md
pricing_teardown,figma,Figma,,Design and prototyping,Figma's per-editor pricing converts viewers into a viral acquisition channel and editors into the paid revenue.,"Figma prices on a sharp split: viewers and commenters are free forever; editors pay per seat. This makes every design file shared with developers, PMs, and clients an acquisition asset, while keeping the revenue contained to actual designers. The lesson: when your product has high-multiplier viewers per editor, price the editor and free the viewer.",Dylan Field and team (acquired by Adobe attempt blocked; remains independent),https://www.figma.com/,,per-editor|viewer-free|triple-anchor|collaboration,2026-05-17,https://unlocksaas.com/pricing-teardown/figma,https://unlocksaas.com/pricing-teardown/figma/md
pricing_teardown,vercel,Vercel,,Frontend cloud and hosting,Vercel runs a generous hobby-free tier as developer top-of-funnel and lets usage drive the upgrade to Pro and beyond.,"Vercel's pricing places Hobby as a fully-featured free tier for personal projects with strict commercial-use prohibition. Pro at approximately $20/user/mo unlocks commercial use and team features; Enterprise handles custom infrastructure. Usage overages are metered per resource, which makes the bill scale with success. The lesson: a free tier with crystal-clear commercial-use restriction converts solo developers into paid Pro accounts at exactly the moment the product earns revenue.",Guillermo Rauch and team,https://vercel.com/,,usage-based|commercial-use-trigger|developer-tools|metered,2026-05-17,https://unlocksaas.com/pricing-teardown/vercel,https://unlocksaas.com/pricing-teardown/vercel/md
pricing_teardown,beehiiv,Beehiiv,,Newsletter platform,Beehiiv prices on subscriber count and unlocks monetization features tier-by-tier. The ladder is the product.,"Beehiiv's pricing scales by subscriber count, with the higher tiers unlocking the ad network, paid subscriptions, referral mechanics, and the Boost monetization network. The ladder maps to creator maturity: as the newsletter grows, the operator climbs the tier ladder by need rather than by upsell pressure. The lesson: when your product can stack monetization features, the value ladder lives inside the product, not the page.",Tyler Denk,https://www.beehiiv.com/,,audience-tiering|monetization-stack|creator-tools|anchor-tier,2026-05-17,https://unlocksaas.com/pricing-teardown/beehiiv,https://unlocksaas.com/pricing-teardown/beehiiv/md
pricing_teardown,cal-com,Cal.com,,Scheduling,"Cal.com prices in three tracks: free hosted, paid teams, free self-host. The split serves three different buyer types from one page.","Cal.com runs a tri-track pricing model: generous free hosted tier for individuals, per-seat paid tiers for teams, and a free self-host option under AGPL for principled buyers. Each track captures a different buyer type without forcing a choice at first contact. The lesson: when your buyer types diverge sharply, multi-track pricing serves more buyers than a single tier ladder.",Peer Richelsen and Bailey Pumfleet,https://cal.com/,,multi-track|open-source|self-host|per-seat,2026-05-17,https://unlocksaas.com/pricing-teardown/cal-com,https://unlocksaas.com/pricing-teardown/cal-com/md
pricing_teardown,resend,Resend,,Email API,Resend prices on send volume with a generous free tier for indie devs. The model aligns with developer mental models.,"Resend's pricing scales by emails sent per month, with a generous free tier (3,000/mo) that covers most indie SaaS in production. Paid tiers scale linearly from there. Pricing is in round numbers (3K, 50K, 100K, etc.) that match how developers reason about send volume. The lesson: when your buyer is technical, price in their mental units, not yours.",Zeno Rocha and team,https://resend.com/,,usage-based|volume-tiered|developer-tools|round-numbers,2026-05-17,https://unlocksaas.com/pricing-teardown/resend,https://unlocksaas.com/pricing-teardown/resend/md
pricing_teardown,stripe,Stripe,,Payments infrastructure,"Stripe's pricing is a single round percentage with no negotiation, which is itself the positioning. The simplicity converts faster than any pitch.","Stripe's headline pricing is 2.9% + 30¢ per successful charge, with no setup fees, monthly fees, or refunds-on-refunds. The published price is the price for almost every customer below enterprise scale. The lesson: when your buyer is comparing multiple complex pricing pages, the simplest legible price wins by default.",Patrick and John Collison,https://stripe.com/,,flat-rate|transactional|simplicity|absent-anchor|developer-tools,2026-05-17,https://unlocksaas.com/pricing-teardown/stripe,https://unlocksaas.com/pricing-teardown/stripe/md
pricing_teardown,plausible,Plausible Analytics,,Privacy analytics,Plausible's pricing scales by pageviews. The visible revenue page is itself a pricing argument: customers can see what they're paying into.,"Plausible prices on pageviews with a sliding scale, plus a self-hosted free option under their license. The public revenue dashboard turns the pricing model into proof — buyers see real customers paying real money before they decide. The lesson for indie founders: when transparency is the brand, the pricing page should let buyers see what they're buying into, not just what they're paying.",Uku Taht and Marko Saric,https://plausible.io/,,volume-tiered|transparency|open-source|self-host,2026-05-17,https://unlocksaas.com/pricing-teardown/plausible,https://unlocksaas.com/pricing-teardown/plausible/md
pricing_teardown,mintlify,Mintlify,,Developer documentation,Mintlify prices on editor seats and reserves the most valuable feature (AI search) for higher tiers. The free-OSS tier feeds the customer-roster flywheel.,"Mintlify's pricing is per-editor with a free tier for open-source projects and graduated paid tiers for teams. The most valuable forward-looking feature (AI-powered search and Q&A) is reserved for higher tiers, creating an upgrade trigger as customer expectations evolve. The lesson for indie founders: gate the future-state feature, not the table-stakes one — buyers upgrade for capability they do not yet have, not for what they take for granted.",Han Wang and Hahnbee Lee,https://mintlify.com/,,per-editor|forward-feature-gating|free-oss|borrowed-authority,2026-05-17,https://unlocksaas.com/pricing-teardown/mintlify,https://unlocksaas.com/pricing-teardown/mintlify/md
pricing_teardown,senja,Senja,,Testimonial collection,Senja prices the structural moment willingness-to-pay spikes: when the founder is ready to put testimonials on the public marketing site without the third-party brand.,"Senja's pricing is structured around brand removal as the upgrade trigger. The free tier collects and displays testimonials with a Senja attribution; paid tiers remove the attribution and add video, customization, and team features. The lesson for indie founders: when the buyer's willingness to pay spikes at a specific behavioral moment (here: publishing to their own marketing surface), price the trigger.",Senja team,https://senja.io/,,brand-removal-trigger|visible-customer|freemium|social-proof,2026-07-17,https://unlocksaas.com/pricing-teardown/senja,https://unlocksaas.com/pricing-teardown/senja/md
pricing_teardown,polar,Polar,,Creator monetization and payments,Polar prices as percentage-of-revenue with no monthly base. The model aligns the platform's incentives with the creator's success.,"Polar prices as a single percentage of revenue with Merchant of Record included. There is no monthly subscription fee — Polar makes money when the creator makes money. The lesson for indie founders: when your customer's revenue is the primary value driver AND the platform cost scales with their success, revenue-share pricing removes commitment friction and aligns incentives.",Birk Jernström and team,https://polar.sh/,,revenue-share|transactional|single-line|mor|creator-tools,2026-05-17,https://unlocksaas.com/pricing-teardown/polar,https://unlocksaas.com/pricing-teardown/polar/md
pricing_teardown,screen-studio,Screen Studio,,Screen recording for marketing video,"Screen Studio prices one-time at a premium. No subscription, no tiers, no upsells — the simplest possible offer.","Screen Studio is sold as a one-time license at approximately $229 with optional yearly updates. There is no subscription, no tier ladder, no usage limit. The lesson for indie founders: when your product produces a discrete output and has no ongoing infrastructure cost, one-time pricing escapes subscription fatigue and converts buyers who would reject monthly recurring on principle.",Adam Pietrasiak,https://www.screen.studio/,,one-time|solo-founder|premium|no-subscription|marketing-tools,2026-05-17,https://unlocksaas.com/pricing-teardown/screen-studio,https://unlocksaas.com/pricing-teardown/screen-studio/md
pricing_teardown,fathom,Fathom Analytics,,Privacy analytics,"Fathom prices on pageviews with a 30-day trial. No self-host option, no public revenue dashboard — the price page leans on founder-led trust instead of operational transparency.","Fathom's pricing structure is volume-tiered subscription scaled by monthly pageviews, with a 30-day free trial and no self-host option. The structural pricing decisions diverge from Plausible's: no open-source escape valve and no public revenue page. The trust load shifts to founder visibility (Jack Ellis and Paul Jarvis) instead of operational transparency. The lesson for indie founders: when founder-led-as-trust is your model, you can skip the operational-transparency proof — but you must sustain founder visibility forever.",Jack Ellis and Paul Jarvis,https://usefathom.com/,,volume-tiered|founder-led-trust|trial-no-credit-card|privacy-analytics,2026-05-17,https://unlocksaas.com/pricing-teardown/fathom,https://unlocksaas.com/pricing-teardown/fathom/md
pricing_teardown,calendly,Calendly,,Scheduling,Calendly prices on category-default mindshare. The free tier is the acquisition engine; per-user paid tiers scale into enterprise.,"Calendly's pricing structure is built around brand-default acquisition: free tier with the Calendly brand on every booking page seeds the visible-customer flywheel, and per-user paid tiers scale into enterprise with CRM integrations, advanced workflows, and SSO. The lesson for indie founders: free-tier acquisition compounds when the customer's output is publicly visible — but the moat depends on years of compounding to earn category-default status.",Tope Awotona,https://calendly.com/,,per-user|free-with-branding|category-default|enterprise-upsell,2026-05-17,https://unlocksaas.com/pricing-teardown/calendly,https://unlocksaas.com/pricing-teardown/calendly/md
pricing_teardown,postmark,Postmark,,Email API,"Postmark prices on send volume with a conservative free tier. The pricing matches the brand promise: deliverability-first, no surprises.","Postmark's pricing structure is volume-tiered subscription scaled by emails sent per month. The free tier is conservative (100 emails/month) compared to Resend's 3K — the structural decision favors paid customers who care about deliverability enough to commit. The lesson for indie founders: when your brand promise is operational reliability, your pricing structure should attract committed buyers rather than maximize free signups.",Wildbit team (acquired by ActiveCampaign in 2022),https://postmarkapp.com/,,volume-tiered|conservative-free|brand-promise-anchor|deliverability,2026-05-17,https://unlocksaas.com/pricing-teardown/postmark,https://unlocksaas.com/pricing-teardown/postmark/md
pricing_teardown,testimonial-to,Testimonial.to,,Testimonial collection,Testimonial.to converged on the same pricing model as Senja: free-with-branding plus brand-removal upsell. The convergence proves the model is right for the category.,"Testimonial.to's pricing structure is functionally identical to Senja's: free tier with Testimonial.to branding on the Wall of Love widget, paid tiers remove branding and unlock advanced features. Both companies converged on this model because it works structurally for the category. The lesson for indie founders: when two competitors independently arrive at the same pricing model, the model is structurally correct for the category — copy the structure and compete on execution.",Damon Chen,https://testimonial.to/,,brand-removal-trigger|visible-customer|freemium|ai-feature-gating,2026-05-17,https://unlocksaas.com/pricing-teardown/testimonial-to,https://unlocksaas.com/pricing-teardown/testimonial-to/md
pricing_teardown,clickup,ClickUp,,Project management for software teams,"ClickUp's pricing matches the consolidation promise — generous free, predictable per-user upsells, AI as orthogonal add-on. Pay for the bundle, scale with the team.","ClickUp's pricing structure leans into the all-in-one positioning: a genuinely generous free tier captures cross-functional teams, per-user paid tiers add automation, storage, and admin features, AI is an orthogonal add-on across all tiers. The lesson for indie founders: when your value proposition is consolidation, the pricing model needs to make adopting the bundle cheaper than maintaining the alternatives — generous free plus predictable per-user scaling delivers that math.",Zeb Evans,https://clickup.com/,,per-user|generous-free|ai-as-add-on|consolidation-pricing,2026-05-17,https://unlocksaas.com/pricing-teardown/clickup,https://unlocksaas.com/pricing-teardown/clickup/md
pricing_teardown,render,Render,,Frontend cloud and hosting,"Render's pricing is per-service predictable — pay for the resources you provision, see the bill before it arrives. No bill-shock, no usage-metered surprise.","Render's pricing structure matches the modern-PaaS positioning: each backend service (web service, Postgres, Redis, background worker, cron) has its own predictable monthly cost, total stacks transparently, no surprise overages from usage spikes. The lesson for indie founders: when your competitor (Vercel, Fly.io) prices on metered usage that creates bill-shock risk, predictable-bundle pricing is the structural alternative that converts buyers who want to budget reliably.",Anurag Goel,https://render.com/,,per-service|predictable|bundled-paas|no-metering,2026-05-17,https://unlocksaas.com/pricing-teardown/render,https://unlocksaas.com/pricing-teardown/render/md
pricing_teardown,loom,Loom,,Screen recording for marketing video,Loom prices free-with-branding plus team-subscription upsell. The free tier is the marketing engine; team adoption is the monetization.,"Loom's pricing structure is built around the product-is-the-marketing flywheel: the free tier (with Loom branding on every video) seeds the visible-output flywheel, and team subscriptions monetize the workflow once a team adopts async video as standard practice. The lesson for indie founders: when your product creates publicly-shareable artifacts, free-with-branding can be the most efficient acquisition channel — but the upgrade trigger must align with team-scale adoption, not individual feature gates.","Joe Thomas, Shahed Khan, Vinay Hiremath (acquired by Atlassian in 2023)",https://www.loom.com/,,freemium-with-branding|per-user|team-trigger|ai-as-tier,2026-05-17,https://unlocksaas.com/pricing-teardown/loom,https://unlocksaas.com/pricing-teardown/loom/md
pricing_teardown,gitbook,GitBook,,Developer documentation,"GitBook prices per-user with feature-tier upsells. The pricing matches the broader-knowledge-platform positioning — scale with team size, not with documentation scope.","GitBook's pricing structure scales with team size through per-user tiers, with feature upgrades at each tier rather than usage limits. This matches the broader-knowledge-platform positioning — the value scales with how many people use the platform across docs, wikis, and knowledge bases, not with documentation volume. The lesson for indie founders: when your value scales with team adoption rather than with usage, per-user pricing aligns the bill with the actual value driver.",Samy Pesse and Aaron O'Mullan,https://www.gitbook.com/,,per-user|team-scaling|feature-tier-upsells|knowledge-platform,2026-05-17,https://unlocksaas.com/pricing-teardown/gitbook,https://unlocksaas.com/pricing-teardown/gitbook/md
pricing_teardown,asana,Asana,,Project management,Asana prices per-user with a structured tier ladder. The free 10-user cap is the mechanical upgrade trigger; Advanced tier captures the cross-functional buyer.,"Asana's pricing structure scales with team size through per-user tiers (Free → Starter → Advanced → Enterprise), with the free-tier 10-user cap as the mechanical upgrade trigger. Advanced tier captures the cross-functional buyer who needs Goals, Workload, and timeline depth. The lesson for indie founders: when your value scales with both team size AND coordination depth, per-user pricing with feature-tier upsells captures both axes simultaneously.",Dustin Moskovitz and Justin Rosenstein,https://asana.com/,,per-user|user-cap-trigger|bundled-anchor|cross-functional-pm,2026-05-18,https://unlocksaas.com/pricing-teardown/asana,https://unlocksaas.com/pricing-teardown/asana/md
pricing_teardown,airtable,Airtable,,Productivity and workspace,Airtable prices per-editor with the 5-editor free cap as the mechanical trigger. Automation runs and AI credits are secondary upgrade triggers.,"Airtable's pricing structure leans into the database-superpowers-for-non-developers positioning: 5 editors free, per-editor tiers add Interfaces, Automation runs, and AI credits. The lesson for indie founders: when your product has multiple value-capture moments (per-editor, per-automation, per-AI-call), layered triggers convert at different growth events. Single-axis pricing misses the secondary monetization paths.","Howie Liu, Andrew Ofstad, Emmett Nicholas",https://www.airtable.com/,,per-editor|layered-triggers|automation-runs|no-code-database,2026-05-18,https://unlocksaas.com/pricing-teardown/airtable,https://unlocksaas.com/pricing-teardown/airtable/md
pricing_teardown,framer,Framer,,Design and prototyping,"Framer bifurcates pricing: per-site for publishing, per-seat for design. The two pricing axes match the two value-capture moments.","Framer's pricing structure separates the publishing value-capture moment (per-site) from the design-time value-capture moment (per-seat). The bifurcation matches the actual value moments: publishing is when the design becomes live; designing is the ongoing collaborative work. The lesson for indie founders: when your product has multiple distinct value-capture moments, bifurcated pricing axes capture each axis independently — single-axis pricing leaves money on the table at the secondary value moment.",Koen Bok and Jorn van Dijk,https://www.framer.com/,,bifurcated-pricing|per-site-plus-per-seat|visitor-cap-trigger|publish-and-design,2026-05-18,https://unlocksaas.com/pricing-teardown/framer,https://unlocksaas.com/pricing-teardown/framer/md
pricing_teardown,substack,Substack,,Newsletter platform,Substack charges no upfront fee — writers join free. The 10% revenue-share on paid subscriptions captures value only when writers succeed.,"Substack's pricing structure is the canonical revenue-share model: writers join the platform for free and Substack takes 10% of paid subscription revenue plus Stripe fees. The model removes adoption friction at the canonical decision point and aligns Substack's incentives with writer success. The lesson for indie founders: when your platform value scales with customer revenue, revenue-share pricing removes upfront friction AND ensures you only win when customers win.","Hamish McKenzie, Chris Best, Jairaj Sethi",https://substack.com/,,revenue-share|free-platform|incentive-alignment|success-fee,2026-05-18,https://unlocksaas.com/pricing-teardown/substack,https://unlocksaas.com/pricing-teardown/substack/md
pricing_teardown,confluence,Confluence,,Knowledge management and wiki,"Confluence prices per user with bundle leverage. The pricing story is the suite, not the standalone page.","Confluence runs Atlassian-style per-user tiered pricing with a generous-but-capped free tier and meaningful suite bundling. The free tier (up to 10 users) is a top-of-funnel catcher for the eventual Jira sale; paid tiers ascend through Standard, Premium, and Enterprise with feature gates calibrated for IT-led mid-market and enterprise procurement. The lesson for indie founders: per-user pricing only works when you have a buyer who already thinks in seats, and bundle leverage only works when you have a bundle.",Atlassian,https://www.atlassian.com/software/confluence,,per-user|suite-leverage|enterprise|knowledge-management,2026-05-18,https://unlocksaas.com/pricing-teardown/confluence,https://unlocksaas.com/pricing-teardown/confluence/md
pricing_teardown,savvycal,SavvyCal,,Scheduling and meeting booking,SavvyCal prices flat per user with no tier explosion. The pricing page reinforces the craft-tool positioning the product already established.,"SavvyCal's pricing is a deliberate two-tier ladder: Basic for solo users, Premium for power users, with team pricing as a third quiet tier. Prices are flat-monthly with annual discount, no per-meeting fees, no enterprise quote-wall. The lesson for indie founders: when your product positions as a craft tool, the pricing page should be restrained and predictable — pricing complexity contradicts a craft positioning even when each individual tier is justified.",Derrick Reimer,https://savvycal.com/,,per-user|flat-pricing|craft-tool|scheduling,2026-05-18,https://unlocksaas.com/pricing-teardown/savvycal,https://unlocksaas.com/pricing-teardown/savvycal/md
pricing_teardown,ghost,Ghost,,Newsletter and publishing platforms,"Ghost's pricing is the principle — zero platform cut on subscription revenue, member-tier pricing on managed hosting. The pricing page is the proof.","Ghost(Pro) prices by member count with a flat-per-tier subscription, charges zero percent on subscription revenue beyond Stripe fees, and ships self-hosting free under the open-source license. The pricing model is structural proof of the ownership positioning: at scale, Ghost is dramatically cheaper than managed creator networks. The lesson for indie founders: when your positioning depends on a principle, the pricing page should be the most concrete evidence of it.",John O'Nolan,https://ghost.org/,,principle-led|open-source|member-tiered|no-platform-cut,2026-05-18,https://unlocksaas.com/pricing-teardown/ghost,https://unlocksaas.com/pricing-teardown/ghost/md
pricing_teardown,monday,Monday.com,,Project management and work-OS platform,Monday prices per seat with minimum-seat thresholds and feature-gated tiers. The pricing page is built for trial-led conversion under paid-acquisition amplification.,"Monday's pricing runs per-seat through Basic, Standard, Pro, and Enterprise tiers with feature gates calibrated for non-technical team buyers. Minimum-seat thresholds on most tiers push toward team adoption rather than solo use. The free tier is capped at 2 users — explicitly a downgrade catcher, not a primary entry. The lesson for indie founders: when your acquisition is paid-trial-led, the pricing page job is to convert a trial-warm buyer to a team subscription, not to win a cold reader.",Roy Mann and Eran Zinman,https://monday.com/,,per-seat|seat-minimum|trial-led|work-os,2026-05-18,https://unlocksaas.com/pricing-teardown/monday,https://unlocksaas.com/pricing-teardown/monday/md
comparison,tally-vs-typeform,Tally,Typeform,Forms and surveys,Tally vs Typeform is a structural pricing fight. Typeform built the category; Tally rebuilt it without the per-submission paywall.,"Typeform invented the conversational form category and prices on response volume. Tally rebuilt the same UX with free-forever unlimited responses and monetizes on white-label and advanced logic. For an indie founder who values one fewer per-unit-priced subscription, Tally is the easy pick; for an enterprise that needs Typeform's deep integration ecosystem, Typeform is.",,https://tally.so/,https://www.typeform.com/,forms|category-anchor|freemium|indie-friendly,2026-05-17,https://unlocksaas.com/vs/tally-vs-typeform,https://unlocksaas.com/vs/tally-vs-typeform/md
comparison,lemonsqueezy-vs-paddle,Lemon Squeezy,Paddle,Payments and Merchant of Record,Lemon Squeezy and Paddle both sell MoR. Lemon Squeezy is indie-shaped; Paddle is mid-market-shaped.,"Both Lemon Squeezy and Paddle act as Merchant of Record, absorbing global tax compliance for SaaS and digital products. Lemon Squeezy positions for indie founders with simple percentage pricing and self-serve onboarding; Paddle targets mid-market with more enterprise features, longer sales cycles, and volume-negotiated rates. Indie founders almost always pick Lemon Squeezy; SaaS doing $1M+ ARR often migrate to Paddle for the rate.",,https://www.lemonsqueezy.com/,https://www.paddle.com/,payments|mor|indie-friendly|subscription-billing,2026-05-17,https://unlocksaas.com/vs/lemonsqueezy-vs-paddle,https://unlocksaas.com/vs/lemonsqueezy-vs-paddle/md
comparison,notion-vs-coda,Notion,Coda,Workspace and productivity,Notion is a notes-first canvas with database superpowers; Coda is a database-first canvas with notes superpowers. The starting shape determines who wins for your team.,"Notion and Coda look superficially similar but inverted in starting shape: Notion is notes-first with databases bolted in; Coda is a powerful relational database with documents wrapped around it. Notion wins for teams whose primary need is shared docs and wikis. Coda wins for teams whose primary need is a no-code app with structured data and formulas. For most indie teams, Notion is the safer default; for ops-heavy teams, Coda earns its complexity.",,https://www.notion.so/,https://coda.io/,productivity|workspace|no-code|team-tools,2026-05-17,https://unlocksaas.com/vs/notion-vs-coda,https://unlocksaas.com/vs/notion-vs-coda/md
comparison,linear-vs-jira,Linear,Jira,Project management for software teams,Linear is what you pick because you want to ship. Jira is what you inherit because the company already runs on it.,"Linear and Jira occupy the same category (issue tracking for software teams) at opposite ends of the speed-versus-configurability axis. Linear is opinionated, fast, and designed for high-velocity product teams; Jira is configurable, deeply integrated with the Atlassian suite, and the default at most enterprises. For new teams choosing freely, Linear wins. For teams inside an Atlassian-committed org, Jira is the inherited reality.",,https://linear.app/,https://www.atlassian.com/software/jira,project-management|developer-tools|speed|enterprise-vs-startup,2026-05-17,https://unlocksaas.com/vs/linear-vs-jira,https://unlocksaas.com/vs/linear-vs-jira/md
comparison,figma-vs-sketch,Figma,Sketch,Design and prototyping,Figma won the design tool fight by making collaboration native and the browser the canvas. Sketch is the polished native-Mac legacy that has not been able to catch up.,"Figma and Sketch were once the two main contenders for product design tooling. Figma's browser-native collaboration changed the category permanently; Sketch's Mac-only legacy and weaker collaboration model lost the network battle. For new teams, Figma is the default. Sketch retains value for solo designers and Mac-committed studios that prefer native-app polish, but the category has effectively moved.",,https://www.figma.com/,https://www.sketch.com/,design|collaboration|browser-native|category-winner,2026-05-17,https://unlocksaas.com/vs/figma-vs-sketch,https://unlocksaas.com/vs/figma-vs-sketch/md
comparison,vercel-vs-netlify,Vercel,Netlify,Frontend cloud and hosting,Vercel and Netlify pioneered the JAMstack hosting category together. Vercel pulled ahead by going deep on Next.js; Netlify retained breadth across frameworks.,"Vercel and Netlify built the modern frontend hosting category in parallel. Vercel went vertically deep on Next.js, becoming the canonical platform for that framework; Netlify stayed horizontally broad, supporting Hugo, Eleventy, Gatsby, Astro, Next.js, and others at parity. For Next.js teams, Vercel is the obvious pick. For framework-agnostic teams or those on other static generators, Netlify is a reasonable alternative; for everyone else, Vercel's polish and ecosystem have pulled the category center toward them.",,https://vercel.com/,https://www.netlify.com/,hosting|developer-tools|nextjs|jamstack,2026-05-17,https://unlocksaas.com/vs/vercel-vs-netlify,https://unlocksaas.com/vs/vercel-vs-netlify/md
comparison,beehiiv-vs-substack,Beehiiv,Substack,Newsletter platform,Beehiiv treats your newsletter as a business; Substack treats your newsletter as a publication. The right pick depends on which one is true for you.,"Beehiiv and Substack both publish newsletters but with inverted philosophies. Substack is a content-first, network-effect publication platform that owns the discovery layer (the Substack network). Beehiiv is a creator-business-first platform that gives the creator the monetization stack (ads, paid subs, referrals, Boost) without taking discovery rents. Pick Substack to ride the network; pick Beehiiv to own the business.",,https://www.beehiiv.com/,https://substack.com/,newsletter|creator-tools|monetization|network-effects,2026-05-17,https://unlocksaas.com/vs/beehiiv-vs-substack,https://unlocksaas.com/vs/beehiiv-vs-substack/md
comparison,cal-com-vs-calendly,Cal.com,Calendly,Scheduling,Calendly built the scheduling category as a closed SaaS. Cal.com is the open-source rebuild positioned on principle and extensibility.,"Calendly and Cal.com offer near-identical scheduling functionality. Calendly is the closed-SaaS category default with the largest brand and integration ecosystem; Cal.com is the open-source alternative with self-host option, extensibility, and identical UX. For most users the functional choice is a coin flip; the meaningful choice is whether you value Calendly's polish and ecosystem or Cal.com's openness and principled positioning.",,https://cal.com/,https://calendly.com/,scheduling|open-source|alternative-to|developer-tools,2026-05-17,https://unlocksaas.com/vs/cal-com-vs-calendly,https://unlocksaas.com/vs/cal-com-vs-calendly/md
comparison,resend-vs-sendgrid,Resend,SendGrid,Email API,Resend is what developers pick when they choose freely. SendGrid is what companies inherit and quietly resent.,"Resend and SendGrid both ship transactional email but with inverted product philosophies. Resend is a modern developer-first API with clean docs, React Email integration, and a generous free tier. SendGrid is the legacy enterprise platform with deeper deliverability infrastructure, more compliance features, and a clunkier UX. For new projects, Resend is the obvious pick. For organizations with deep SendGrid integration or compliance needs that justify it, SendGrid remains the inherited reality.",,https://resend.com/,https://sendgrid.com/,email|developer-tools|transactional-email|developer-experience,2026-05-17,https://unlocksaas.com/vs/resend-vs-sendgrid,https://unlocksaas.com/vs/resend-vs-sendgrid/md
comparison,stripe-vs-paypal,Stripe,PayPal,Payments processing,Stripe is what you integrate. PayPal is what you accept because some customers demand it.,"Stripe and PayPal serve overlapping but different jobs. Stripe is a developer-first payment infrastructure that integrates into your product as the primary checkout. PayPal is a consumer-facing brand that some buyers actively prefer and others actively require. For most modern SaaS, the right answer is Stripe as primary plus PayPal as a secondary option, not Stripe versus PayPal as either-or.",,https://stripe.com/,https://www.paypal.com/,payments|consumer-brand|developer-tools|complementary,2026-05-17,https://unlocksaas.com/vs/stripe-vs-paypal,https://unlocksaas.com/vs/stripe-vs-paypal/md
comparison,tally-vs-google-forms,Tally,Google Forms,Forms and surveys,"Tally and Google Forms are both free, but free-as-in-Google-product-strategy is a different thing than free-as-in-business-model.","Tally and Google Forms both offer free form-building, but they sit in different product worlds. Google Forms is a feature of Google Workspace, polished enough but anchored to Google's product priorities, not yours. Tally is a focused indie SaaS where forms ARE the product, and the polish, branding, and integrations reflect that. For most public-facing forms, Tally wins; for internal surveys inside a Google Workspace org, Google Forms is the obvious pick.",,https://tally.so/,https://forms.google.com/,forms|freemium|indie-friendly|commodity-vs-focused,2026-05-17,https://unlocksaas.com/vs/tally-vs-google-forms,https://unlocksaas.com/vs/tally-vs-google-forms/md
comparison,notion-vs-obsidian,Notion,Obsidian,Notes and knowledge management,Notion is a cloud workspace built for teams. Obsidian is a local-first knowledge graph built for one brain.,"Notion and Obsidian look superficially similar but solve different problems. Notion is a cloud-first team workspace with databases, real-time collaboration, and SaaS pricing. Obsidian is a local-first knowledge graph built on plain markdown files, with a free single-user license and optional paid sync. For team knowledge, Notion. For a single brain building a long-term linked knowledge base, Obsidian. They rarely actually compete on the same job.",,https://www.notion.so/,https://obsidian.md/,notes|knowledge-management|local-first|individual-vs-team,2026-05-17,https://unlocksaas.com/vs/notion-vs-obsidian,https://unlocksaas.com/vs/notion-vs-obsidian/md
comparison,linear-vs-asana,Linear,Asana,Project management,Linear is for engineering teams who hate Jira. Asana is for cross-functional teams who never wanted Jira in the first place.,"Linear and Asana solve different jobs that sometimes look the same. Linear is opinionated issue tracking for software teams; Asana is flexible task and project management for cross-functional teams (marketing, ops, design, sales). For an engineering-only team, Linear is the obvious pick. For teams where engineering, marketing, and ops collaborate on shared work, Asana is the right shape.",,https://linear.app/,https://asana.com/,project-management|team-tools|engineering-vs-crossfunctional,2026-05-17,https://unlocksaas.com/vs/linear-vs-asana,https://unlocksaas.com/vs/linear-vs-asana/md
comparison,figma-vs-adobe-xd,Figma,Adobe XD,Design and prototyping,Adobe XD effectively lost the design tool fight to Figma. The category has moved; XD is now legacy software with declining strategic priority.,"Adobe XD competed with Figma in the modern design tool category through the late 2010s and lost decisively. Adobe attempted to acquire Figma in 2022 (deal blocked by regulators in 2023), implicitly acknowledging the loss. XD remains supported but is no longer the strategic priority at Adobe. For new teams, Figma is the only reasonable pick. XD retains some users in Adobe-committed shops or on specific workflows but should not be considered a forward-looking option.",,https://www.figma.com/,https://www.adobe.com/products/xd.html,design|category-winner|legacy-software|ecosystem,2026-05-17,https://unlocksaas.com/vs/figma-vs-adobe-xd,https://unlocksaas.com/vs/figma-vs-adobe-xd/md
comparison,vercel-vs-cloudflare-pages,Vercel,Cloudflare Pages,Frontend cloud and hosting,Vercel and Cloudflare Pages are both modern frontend hosts. Vercel owns the developer experience tier; Cloudflare owns the global edge.,"Vercel and Cloudflare Pages compete in modern frontend hosting from different angles. Vercel goes deep on developer experience, Next.js integration, and the platform-services stack (AI Gateway, Marketplace, Functions). Cloudflare Pages anchors to Cloudflare's global edge network and bundles its own services (Workers, R2, KV, D1). For Next.js teams and DX-first buyers, Vercel. For teams already inside Cloudflare's ecosystem or optimizing for cost at global scale, Cloudflare Pages.",,https://vercel.com/,https://pages.cloudflare.com/,hosting|developer-tools|edge-compute|nextjs,2026-05-17,https://unlocksaas.com/vs/vercel-vs-cloudflare-pages,https://unlocksaas.com/vs/vercel-vs-cloudflare-pages/md
comparison,beehiiv-vs-kit,Beehiiv,Kit (formerly ConvertKit),Newsletter and creator email,Beehiiv is a publication-as-business platform. Kit is an email marketing platform for creators. Different shapes of the same business.,"Beehiiv and Kit (formerly ConvertKit) both serve creators monetizing an audience but with different product shapes. Beehiiv is a publication platform — write newsletters, monetize via ads, paid subscriptions, and the Boost network. Kit is an email marketing platform — write broadcasts and sequences, automate funnels, monetize via Kit Commerce or external products. For pure newsletter-as-business, Beehiiv. For broader creator email marketing with automations, Kit.",,https://www.beehiiv.com/,https://kit.com/,newsletter|creator-tools|email-marketing|monetization,2026-05-17,https://unlocksaas.com/vs/beehiiv-vs-kit,https://unlocksaas.com/vs/beehiiv-vs-kit/md
comparison,resend-vs-postmark,Resend,Postmark,Email API,Resend and Postmark both prioritize transactional email and developer experience. Resend is the modern React-tilted upstart; Postmark is the established deliverability-first incumbent.,"Resend and Postmark both target developer-led email senders with a transactional-first product philosophy. Postmark has been the deliverability gold standard for over a decade with separate streams for transactional and broadcast. Resend is newer with a sharper modern aesthetic, React Email integration, and a more generous free tier. For React teams and DX-first buyers, Resend. For teams prioritizing maximum deliverability and a longer track record, Postmark.",,https://resend.com/,https://postmarkapp.com/,email|developer-tools|deliverability|transactional-email,2026-05-17,https://unlocksaas.com/vs/resend-vs-postmark,https://unlocksaas.com/vs/resend-vs-postmark/md
comparison,stripe-vs-square,Stripe,Square,Payments processing,Stripe is for selling online. Square is for selling in person. The overlap is smaller than the brand familiarity suggests.,"Stripe and Square both process payments but specialize at opposite ends of the online-to-offline axis. Stripe is the canonical online payment infrastructure for SaaS, marketplaces, and ecommerce. Square is the canonical small-business POS for retail, restaurants, and service businesses with physical operations. Both have crossed into each other's territory (Square has online tooling, Stripe Terminal supports physical payments) but the centers of gravity are distinct.",,https://stripe.com/,https://squareup.com/,payments|online-vs-offline|developer-tools|small-business,2026-05-17,https://unlocksaas.com/vs/stripe-vs-square,https://unlocksaas.com/vs/stripe-vs-square/md
comparison,screen-studio-vs-loom,Screen Studio,Loom,Screen recording,Loom optimizes for fast async communication. Screen Studio optimizes for polished marketing video. They share the file type but solve different jobs.,"Loom and Screen Studio both record screens but for different jobs. Loom is built for fast async team communication — record, share a link, move on. Screen Studio is built for polished marketing videos — auto-zoom, smooth cursor, cinematic export. Loom wins for daily team async. Screen Studio wins for product demos, marketing pages, and any video where the output reflects on the brand.",,https://www.screen.studio/,https://www.loom.com/,video|screen-recording|marketing-tools|async-communication,2026-05-17,https://unlocksaas.com/vs/screen-studio-vs-loom,https://unlocksaas.com/vs/screen-studio-vs-loom/md
comparison,mintlify-vs-gitbook,Mintlify,GitBook,Developer documentation,Mintlify is a modern docs platform optimized for API and developer-tool companies. GitBook is a broader documentation and knowledge platform.,"Mintlify and GitBook both publish documentation but with different product philosophies. Mintlify is docs-as-code optimized for API companies and developer tools, with a polished aesthetic now common across modern dev-tool docs. GitBook is a broader knowledge platform supporting docs, internal wikis, and team knowledge bases with a richer editor and broader use cases. For developer-tool companies, Mintlify. For broader documentation and internal knowledge, GitBook.",,https://mintlify.com/,https://www.gitbook.com/,documentation|developer-tools|knowledge-base|api-docs,2026-05-17,https://unlocksaas.com/vs/mintlify-vs-gitbook,https://unlocksaas.com/vs/mintlify-vs-gitbook/md
comparison,plausible-vs-google-analytics,Plausible Analytics,Google Analytics,Privacy analytics,"Plausible vs Google Analytics is a values fight, not a features fight. Pick on the principle, not the integration list.","Plausible and Google Analytics solve the same job (web analytics) from opposite ends of the privacy-vs-feature axis. GA4 is free, deeply integrated with the Google ad ecosystem, and ad-tracking-funded. Plausible is paid, privacy-first, cookie-free, and customer-funded. For most indie SaaS, Plausible's privacy positioning and simpler interface outweigh GA4's ecosystem depth. For ad-driven businesses optimizing Google Ads spend, GA4 remains the right pick.",,https://plausible.io/,https://analytics.google.com/,privacy-analytics|values-fight|alternative-to-incumbent|category-anchor,2026-05-17,https://unlocksaas.com/vs/plausible-vs-google-analytics,https://unlocksaas.com/vs/plausible-vs-google-analytics/md
comparison,plausible-vs-fathom,Plausible Analytics,Fathom Analytics,Privacy analytics,Plausible vs Fathom is the indie privacy-analytics fight. Both are right answers; the choice is stylistic.,"Plausible and Fathom occupy the same category, the same principles, and the same approximate pricing band. Both are privacy-first, cookie-free, GDPR-by-construction web analytics SaaS run by small indie teams. The functional difference is minor; the choice is about which founders' aesthetic and operational style matches your own.",,https://plausible.io/,https://usefathom.com/,privacy-analytics|indie-saas|parity-fight|values-aligned,2026-05-17,https://unlocksaas.com/vs/plausible-vs-fathom,https://unlocksaas.com/vs/plausible-vs-fathom/md
comparison,senja-vs-testimonial-to,Senja,Testimonial.to,Testimonial collection,"Senja and Testimonial.to are the canonical pair in testimonial-as-marketing SaaS. Pick on workflow shape, not features.","Senja and Testimonial.to both collect and display video and text testimonials for SaaS marketing surfaces. The feature sets converge on the same job; the differences are workflow shape (Senja leans collection-first, Testimonial.to leans display-first), pricing structure, and brand aesthetic. For most indie SaaS, either works; the choice is which workflow feels native.",,https://senja.io/,https://testimonial.to/,testimonials|social-proof|indie-saas|parity-fight,2026-05-17,https://unlocksaas.com/vs/senja-vs-testimonial-to,https://unlocksaas.com/vs/senja-vs-testimonial-to/md
comparison,polar-vs-gumroad,Polar,Gumroad,Creator monetization,"Polar serves the open-source maintainer. Gumroad serves the digital-product creator. Same payment plumbing, different identities.","Polar and Gumroad both let creators sell digital products globally with MoR-like services bundled, but they target different identities. Gumroad is for digital-product creators (ebooks, courses, music, art) with a long history in that segment. Polar is for open-source maintainers and developers with GitHub-native integration and a more developer-friendly product. For maintainers and indie developers, Polar. For creators selling courses, ebooks, or art, Gumroad.",,https://polar.sh/,https://gumroad.com/,creator-monetization|developer-tools|marketplace|different-audiences,2026-05-17,https://unlocksaas.com/vs/polar-vs-gumroad,https://unlocksaas.com/vs/polar-vs-gumroad/md
comparison,polar-vs-lemonsqueezy,Polar,Lemon Squeezy,Creator monetization and Merchant of Record,Polar and Lemon Squeezy both offer MoR plus creator-friendly tooling. Polar targets maintainers; Lemon Squeezy targets indie SaaS.,"Polar and Lemon Squeezy both serve creators wanting MoR-bundled monetization but with different specializations. Polar leans toward open-source maintainers with GitHub-native integration and lower per-transaction fees. Lemon Squeezy leans toward indie SaaS and digital-product founders with broader feature surface and Stripe acquisition. For maintainers, Polar; for indie SaaS, Lemon Squeezy.",,https://polar.sh/,https://www.lemonsqueezy.com/,mor|creator-monetization|cross-manifest|different-audiences,2026-05-17,https://unlocksaas.com/vs/polar-vs-lemonsqueezy,https://unlocksaas.com/vs/polar-vs-lemonsqueezy/md
comparison,mintlify-vs-readme,Mintlify,ReadMe,Developer documentation,Mintlify is the modern challenger. ReadMe is the established API-docs platform with metering and developer-onboarding tooling.,"Mintlify and ReadMe both serve API and developer-tool documentation but at different stages of category maturity. Mintlify is the modern docs-as-code challenger with a recognizable aesthetic and a growing customer roster. ReadMe is the older, more enterprise-shaped platform with deep API metering, developer hub features, and a longer track record at scale. For new API docs in 2026, Mintlify is the default; for enterprise API platforms with deep metering needs, ReadMe retains advantages.",,https://mintlify.com/,https://readme.com/,documentation|developer-tools|api-docs|modern-vs-mature,2026-05-17,https://unlocksaas.com/vs/mintlify-vs-readme,https://unlocksaas.com/vs/mintlify-vs-readme/md
comparison,screen-studio-vs-tella,Screen Studio,Tella,Screen recording for marketing video,"Screen Studio is a one-time license desktop app. Tella is a browser-based subscription SaaS. Same category, opposite product shapes.","Screen Studio and Tella both produce polished screen recordings for marketing video, but with opposite product shapes. Screen Studio is a macOS desktop app sold as a one-time license at premium price. Tella is a browser-based SaaS with subscription pricing and team collaboration features. For solo operators producing periodic marketing videos, Screen Studio. For teams producing video continuously with collaboration needs, Tella.",,https://www.screen.studio/,https://www.tella.tv/,video|screen-recording|cross-manifest|different-product-shapes,2026-05-17,https://unlocksaas.com/vs/screen-studio-vs-tella,https://unlocksaas.com/vs/screen-studio-vs-tella/md
comparison,linear-vs-shortcut,Linear,Shortcut,Project management for software teams,Linear and Shortcut are both opinionated issue trackers for software teams. Linear leans speed-first; Shortcut leans story-and-epic structure.,"Linear and Shortcut compete head-to-head for software engineering teams that left Jira. Linear is the speed-first opinionated default with keyboard-driven UX; Shortcut (formerly Clubhouse) is the story-and-epic-first option with stronger native planning hierarchy. For pure dev velocity, Linear; for product-development teams that plan in epics and stories, Shortcut.",,https://linear.app/,https://www.shortcut.com/,project-management|developer-tools|speed-vs-structure|indie-friendly,2026-05-17,https://unlocksaas.com/vs/linear-vs-shortcut,https://unlocksaas.com/vs/linear-vs-shortcut/md
comparison,cursor-vs-windsurf,Cursor,Windsurf,AI-native code editor,Cursor and Windsurf are the canonical AI-editor pair in 2026. Cursor pioneered the category; Windsurf challenges on agentic flow.,"Cursor and Windsurf both reimagine the code editor around LLM assistance but with different bets. Cursor leans tab-completion-plus-chat with a familiar VS Code shell. Windsurf (from Codeium) leans agentic Cascade flow that takes multi-step actions across the codebase. For coders who want AI as a writing assistant, Cursor; for coders who want AI to drive multi-file changes autonomously, Windsurf.",,https://www.cursor.com/,https://windsurf.com/,ai-editor|developer-tools|category-fight|agentic,2026-05-17,https://unlocksaas.com/vs/cursor-vs-windsurf,https://unlocksaas.com/vs/cursor-vs-windsurf/md
comparison,vercel-vs-render,Vercel,Render,Frontend cloud and hosting,Vercel optimizes for frontend deployment depth. Render optimizes for full-stack-app simplicity.,"Vercel and Render both host modern web apps but with different scopes. Vercel is the depth-first frontend cloud — best for Next.js and React-centric SaaS. Render is the breadth-first full-stack platform — best for teams that want managed Postgres, Redis, background workers, and cron all in one dashboard. For React-centric indie SaaS, Vercel; for full-stack apps with significant backend, Render's bundled services often beat assembling Vercel + external providers.",,https://vercel.com/,https://render.com/,hosting|developer-tools|full-stack-vs-frontend|nextjs,2026-05-17,https://unlocksaas.com/vs/vercel-vs-render,https://unlocksaas.com/vs/vercel-vs-render/md
comparison,cal-com-vs-savvycal,Cal.com,SavvyCal,Scheduling,Cal.com is the open-source scheduling default. SavvyCal is the polished indie alternative for Calendly defectors who do not want open source.,"Cal.com and SavvyCal both serve the indie-buyer end of the scheduling market with different bets. Cal.com is open-source and self-hostable with a generous free tier. SavvyCal is closed-source and prices on aesthetic polish and a few unique features (calendar overlay, scheduling preferences). For developers and principled buyers, Cal.com; for indie founders who want a polished Calendly alternative without the open-source commitment, SavvyCal.",,https://cal.com/,https://savvycal.com/,scheduling|indie-friendly|open-source-vs-polished|alternative-to-incumbent,2026-05-17,https://unlocksaas.com/vs/cal-com-vs-savvycal,https://unlocksaas.com/vs/cal-com-vs-savvycal/md
comparison,mintlify-vs-docusaurus,Mintlify,Docusaurus,Developer documentation,"Mintlify is the polished docs SaaS. Docusaurus is the open-source framework. SaaS vs self-host, the canonical dev-docs decision.","Mintlify and Docusaurus solve documentation but at opposite ends of the SaaS-vs-self-host axis. Mintlify is the managed platform with a recognizable modern aesthetic; Docusaurus (Meta's open-source React docs framework) is the free self-hostable option that requires engineering time. For teams that value engineering time over docs hosting cost, Mintlify; for teams that have engineering bandwidth and want zero ongoing fees, Docusaurus.",,https://mintlify.com/,https://docusaurus.io/,documentation|developer-tools|saas-vs-self-host|indie-tools,2026-05-17,https://unlocksaas.com/vs/mintlify-vs-docusaurus,https://unlocksaas.com/vs/mintlify-vs-docusaurus/md
comparison,resend-vs-loops,Resend,Loops,SaaS email platform,"Resend is the email API for developers. Loops is the SaaS-marketing email platform. Same modern aesthetic, different jobs.","Resend and Loops both target modern SaaS teams with sharp DX, but the jobs differ. Resend is the developer-first transactional email API (the modern alternative to SendGrid). Loops is the SaaS-marketing email platform (the modern alternative to Mailchimp or Customer.io). Most serious SaaS use both — Resend for transactional, Loops for lifecycle and campaigns. The comparison is rarely either-or.",,https://resend.com/,https://loops.so/,email|developer-tools|transactional-vs-marketing|cross-manifest,2026-05-17,https://unlocksaas.com/vs/resend-vs-loops,https://unlocksaas.com/vs/resend-vs-loops/md
comparison,fathom-vs-simple-analytics,Fathom Analytics,Simple Analytics,Privacy analytics,Fathom and Simple Analytics are both privacy-first alternatives to Google Analytics. The choice is taste — Fathom leans founder-led; Simple Analytics leans minimal.,"Fathom and Simple Analytics both serve the privacy-leaning indie SaaS segment with cookie-free, GDPR-by-construction web analytics. Fathom anchors trust on founder visibility (Jack Ellis and Paul Jarvis); Simple Analytics anchors on the smallest possible product surface. The functional difference is modest; the brand voice differs meaningfully. For most indie founders the choice is taste-aligned.",,https://usefathom.com/,https://www.simpleanalytics.com/,privacy-analytics|indie-saas|parity-fight|taste-aligned,2026-05-17,https://unlocksaas.com/vs/fathom-vs-simple-analytics,https://unlocksaas.com/vs/fathom-vs-simple-analytics/md
comparison,calendly-vs-acuity,Calendly,Acuity Scheduling,Scheduling,"Calendly serves sales teams and recruiters. Acuity serves service businesses (yoga studios, therapists, photographers). Same category, different jobs.","Calendly and Acuity Scheduling both schedule meetings but for different buyers. Calendly is the canonical sales/recruiting/B2B scheduling default with deep CRM integrations. Acuity (owned by Squarespace) is the service-business platform with built-in payments, packages, intake forms, and class scheduling. For SaaS sales teams, Calendly. For service businesses (coaches, therapists, fitness studios, photographers), Acuity is the right shape.",,https://calendly.com/,https://acuityscheduling.com/,scheduling|b2b-vs-service-business|different-audiences|payments,2026-05-17,https://unlocksaas.com/vs/calendly-vs-acuity,https://unlocksaas.com/vs/calendly-vs-acuity/md
comparison,postmark-vs-mailgun,Postmark,Mailgun,Email API,Postmark obsesses over deliverability for transactional. Mailgun is the broader legacy email infrastructure with marketing and bulk-send features.,"Postmark and Mailgun both ship email APIs but with different scopes. Postmark is the deliverability-first transactional specialist with separated streams and a decade of single-message marketing. Mailgun is the broader legacy infrastructure platform with marketing email, validation, bulk send, and inbound parsing. For transactional-first use cases, Postmark. For teams that need a broader email infrastructure platform with both transactional and marketing capabilities, Mailgun.",,https://postmarkapp.com/,https://www.mailgun.com/,email|developer-tools|transactional-vs-broader-infrastructure|deliverability,2026-05-17,https://unlocksaas.com/vs/postmark-vs-mailgun,https://unlocksaas.com/vs/postmark-vs-mailgun/md
comparison,linear-vs-clickup,Linear,ClickUp,Project management for software teams,Linear is opinionated and minimal. ClickUp is configurable and comprehensive. Opposite ends of the project-management axis.,"Linear and ClickUp solve project management with opposite philosophies. Linear constrains workflow choices to maximize speed; ClickUp gives you every configuration option imaginable and lets you decide. For engineering teams that prize velocity and reject configurability, Linear. For teams that want to model their specific (often unusual) workflow exactly, ClickUp's configurability is the differentiator. Most teams should pick Linear unless they have a specific workflow that demands ClickUp's flexibility.",,https://linear.app/,https://clickup.com/,project-management|developer-tools|opinionated-vs-configurable|minimalism-vs-breadth,2026-05-17,https://unlocksaas.com/vs/linear-vs-clickup,https://unlocksaas.com/vs/linear-vs-clickup/md
comparison,notion-vs-clickup,Notion,ClickUp,Productivity and workspace,Notion is a workspace canvas with project management bolted in. ClickUp is project management with docs and chat bolted in. Different centers of gravity.,"Notion and ClickUp both consolidate work tools but with different centers of gravity. Notion starts with docs and adds databases and project management; ClickUp starts with tasks and adds docs and chat. For teams whose primary work is writing and knowledge, Notion. For teams whose primary work is task execution and project tracking, ClickUp. Both companies overlap on the surface but the dominant use case determines the right pick.",,https://www.notion.so/,https://clickup.com/,productivity|workspace|docs-vs-tasks|consolidation,2026-05-17,https://unlocksaas.com/vs/notion-vs-clickup,https://unlocksaas.com/vs/notion-vs-clickup/md
comparison,render-vs-fly-io,Render,Fly.io,Frontend cloud and hosting,"Render bundles backend services in a managed PaaS. Fly.io runs your app close to users with a global edge architecture. Same broad job, opposite execution models.","Render and Fly.io both host full-stack apps for indie SaaS and growing companies but with opposite execution models. Render is the managed PaaS that bundles Postgres, Redis, background workers, and cron under one dashboard with familiar pricing. Fly.io runs your app as Firecracker VMs across a global edge network and prices on resource usage. For teams that want simplicity and bundled services, Render. For teams that want global edge deployment and care about per-region latency, Fly.io.",,https://render.com/,https://fly.io/,hosting|developer-tools|managed-paas-vs-edge|global-deployment,2026-05-17,https://unlocksaas.com/vs/render-vs-fly-io,https://unlocksaas.com/vs/render-vs-fly-io/md
comparison,notion-vs-airtable,Notion,Airtable,Productivity and workspace,Notion is a docs canvas with databases bolted in. Airtable is a database with docs and apps bolted in. Different centers of gravity in the same broad workspace category.,"Notion and Airtable both blur the line between database and workspace, but from opposite starting points. Notion is a docs platform with database blocks; Airtable is a relational database with documents and apps wrapped around it. For teams whose primary work is documents and lightly-structured project planning, Notion. For teams whose primary work is structured data with relationships, automations, and lightweight internal tools, Airtable. The mistake is picking based on overlap features rather than on the dominant starting point.",,https://www.notion.so/,https://www.airtable.com/,workspace|docs-vs-database|different-starting-shapes|no-code,2026-05-17,https://unlocksaas.com/vs/notion-vs-airtable,https://unlocksaas.com/vs/notion-vs-airtable/md
comparison,stripe-vs-braintree,Stripe,Braintree,Payments processing,"Stripe is the modern developer-first payments default. Braintree is PayPal-owned, mature, with PayPal-native checkout. Different positions in the same broad category.","Stripe and Braintree both process payments but from opposite positions. Stripe is the modern developer-first platform that won mindshare in the 2010s and continues to define the category. Braintree (owned by PayPal since 2013) is the mature enterprise platform with native PayPal checkout integration as the structural differentiator. For new SaaS, Stripe is the obvious pick. For businesses that need PayPal checkout depth without separate integration, Braintree retains value.",,https://stripe.com/,https://www.braintreepayments.com/,payments|developer-tools|category-default-vs-niche-incumbent|paypal-integration,2026-05-17,https://unlocksaas.com/vs/stripe-vs-braintree,https://unlocksaas.com/vs/stripe-vs-braintree/md
comparison,linear-vs-trello,Linear,Trello,Project management,Linear is opinionated issue tracking for engineering. Trello is the Kanban board for everyone. Different categories despite the surface comparison.,"Linear and Trello both manage tasks but for completely different buyers and purposes. Linear is the modern issue tracker built for software engineering teams that rejected Jira. Trello (owned by Atlassian) is the Kanban-board-for-everyone platform that pioneered visual task management for non-technical teams. For engineering work, Linear is the obvious pick. For lightweight cross-functional task tracking, content planning, or personal project organization, Trello's simplicity is the structural advantage.",,https://linear.app/,https://trello.com/,project-management|engineering-vs-everyone-else|different-buyers|kanban,2026-05-17,https://unlocksaas.com/vs/linear-vs-trello,https://unlocksaas.com/vs/linear-vs-trello/md
comparison,mailchimp-vs-beehiiv,Mailchimp,Beehiiv,Newsletter and creator email,Mailchimp is the legacy default for newsletter and marketing email. Beehiiv is the modern creator-business platform with native monetization stack.,"Mailchimp and Beehiiv both ship newsletters but from opposite positions in the modern email category. Mailchimp is the legacy platform that defined the category for small businesses in the 2010s; Beehiiv is the modern challenger built specifically for creators treating newsletters as businesses. For traditional small-business email marketing, Mailchimp retains brand familiarity. For modern creators monetizing via ads, paid subscriptions, and referral mechanics, Beehiiv's native monetization stack is the structural advantage.",,https://mailchimp.com/,https://www.beehiiv.com/,newsletter|creator-business-vs-traditional-marketing|monetization-stack|legacy-vs-modern,2026-05-17,https://unlocksaas.com/vs/mailchimp-vs-beehiiv,https://unlocksaas.com/vs/mailchimp-vs-beehiiv/md
comparison,figma-vs-framer,Figma,Framer,Design and prototyping,Figma owns design collaboration. Framer expanded from prototyping into design-and-publish. Different parts of the design lifecycle.,"Figma and Framer both serve the design lifecycle but from different positions. Figma is the canonical collaborative design tool that won the category in the late 2010s. Framer started as a code-driven prototyping tool and pivoted to compete on design-plus-publish — meaning Framer designs become live websites without engineering handoff. For design collaboration with developer handoff, Figma. For designers who want to publish marketing sites without engineering, Framer's bundled design-and-publish is the structural differentiator.",,https://www.figma.com/,https://www.framer.com/,design|collaboration-vs-publish|different-workflows|no-handoff,2026-05-17,https://unlocksaas.com/vs/figma-vs-framer,https://unlocksaas.com/vs/figma-vs-framer/md
comparison,loom-vs-tella,Loom,Tella,Screen recording for marketing video,"Loom optimizes for fast async communication. Tella optimizes for polished marketing video. Same surface, opposite optimization targets.","Loom and Tella both record screen videos but optimize for opposite jobs. Loom is the canonical async-team-communication platform — record fast, share a link, save a meeting. Tella is the polished marketing video tool — branded backgrounds, layered camera-and-screen, cinematic export. For daily async team communication, Loom. For marketing-page videos where output polish matters, Tella. Most serious indie founders use both — Loom for async, Tella for marketing.",,https://www.loom.com/,https://www.tella.tv/,video|screen-recording|async-vs-marketing|use-both,2026-05-17,https://unlocksaas.com/vs/loom-vs-tella,https://unlocksaas.com/vs/loom-vs-tella/md
comparison,airtable-vs-coda,Airtable,Coda,Productivity and workspace,"Airtable is a relational database with documents wrapped around it. Coda is a document with serious database power baked in. Same broad job, opposite starting shapes.","Airtable and Coda both blur the line between database and document but from opposite starting points. Airtable is a relational database (Bases, Tables, Records, Fields) with Interfaces and Documents wrapped around it. Coda is a document (Pages, Sections) with sophisticated table and formula primitives embedded. For database-first ops work, Airtable. For document-first work that needs serious database depth in line, Coda. The mistake is picking based on feature overlap rather than on the dominant primitive your team thinks in.",,https://www.airtable.com/,https://coda.io/,workspace|database-vs-document|no-code|different-primitives,2026-05-18,https://unlocksaas.com/vs/airtable-vs-coda,https://unlocksaas.com/vs/airtable-vs-coda/md
comparison,trello-vs-asana,Trello,Asana,Project management,Trello is the Kanban-for-everyone simple board. Asana is the cross-functional structured PM platform. Different complexity levels for different team sizes.,"Trello and Asana both manage tasks but at opposite ends of the complexity-vs-simplicity axis. Trello (also Atlassian-owned) is the canonical visual Kanban board for individuals and small teams who want immediate simplicity. Asana is the structured cross-functional PM platform with timelines, workflows, and goals for teams operating at scale. For lightweight personal or small-team task tracking, Trello. For cross-functional organizational coordination, Asana's depth earns its complexity.",,https://trello.com/,https://asana.com/,project-management|simplicity-vs-structure|different-team-sizes|atlassian,2026-05-18,https://unlocksaas.com/vs/trello-vs-asana,https://unlocksaas.com/vs/trello-vs-asana/md
comparison,clickup-vs-asana,ClickUp,Asana,Project management,ClickUp consolidates everything in one configurable platform. Asana focuses on structured project management with depth. Bundling vs specialization.,"ClickUp and Asana both serve cross-functional teams but with different bets. ClickUp consolidates tasks, docs, chat, whiteboards, forms, time tracking, and goals into one configurable platform — the bet is that buyers want one bill and one platform over best-of-breed depth. Asana focuses on structured PM with mature Goals, Timeline, and Workload features — the bet is that PM depth matters more than feature breadth. For teams that want consolidation, ClickUp. For teams that want PM-specific depth, Asana.",,https://clickup.com/,https://asana.com/,project-management|consolidation-vs-depth|cross-functional,2026-05-18,https://unlocksaas.com/vs/clickup-vs-asana,https://unlocksaas.com/vs/clickup-vs-asana/md
comparison,webflow-vs-framer,Webflow,Framer,Design and prototyping,Webflow is the canonical no-code site builder with mature CMS depth. Framer is the design-first publisher built for designers who reject code workflows.,"Webflow and Framer both let non-developers ship live sites but from different positions. Webflow is the long-established no-code platform with mature CMS, e-commerce, and structured content workflows — built for marketers and ops who want to ship without engineering. Framer is the design-first publisher that pivoted from prototyping into design-and-publish — built for designers who want to deploy their Figma-style work as live sites. For complex sites with CMS and structured content, Webflow. For designer-led marketing sites with native publish, Framer.",,https://webflow.com/,https://www.framer.com/,no-code-site-builder|marketer-vs-designer|cms-vs-design|publish-workflow,2026-05-18,https://unlocksaas.com/vs/webflow-vs-framer,https://unlocksaas.com/vs/webflow-vs-framer/md
comparison,mailchimp-vs-substack,Mailchimp,Substack,Newsletter and creator email,Mailchimp is the legacy small-business marketing platform. Substack is the modern publication network. Different jobs despite both shipping emails.,"Mailchimp and Substack both ship emails but solve fundamentally different jobs. Mailchimp is the legacy small-business marketing platform with newsletters as one capability alongside landing pages, basic CRM, and marketing automation. Substack is the publication network where writers monetize via paid subscriptions and benefit from the Substack discovery graph. For traditional small-business email marketing, Mailchimp. For writers building a publication with cross-discovery network effects, Substack. They barely compete despite the surface overlap.",,https://mailchimp.com/,https://substack.com/,newsletter|marketing-vs-publication|legacy-vs-modern|different-jobs,2026-05-18,https://unlocksaas.com/vs/mailchimp-vs-substack,https://unlocksaas.com/vs/mailchimp-vs-substack/md
comparison,figma-vs-canva,Figma,Canva,Design and prototyping,Figma is the professional product design tool. Canva is the everyone-can-design template platform. Different design jobs at different complexity levels.,"Figma and Canva both let people design visual content but at completely different complexity levels. Figma is the professional product design tool for designers building product UI, design systems, and complex prototypes. Canva is the everyone-can-design template platform for marketers, small businesses, and non-designers creating social posts, presentations, and basic marketing assets. For professional design work, Figma. For template-driven content creation by non-designers, Canva. The audiences barely overlap despite both being in 'design.'",,https://www.figma.com/,https://www.canva.com/,design|professional-vs-everyone|different-complexity|design-floor-vs-ceiling,2026-05-18,https://unlocksaas.com/vs/figma-vs-canva,https://unlocksaas.com/vs/figma-vs-canva/md
comparison,notion-vs-confluence,Notion,Confluence,Knowledge management and wiki,"Notion vs Confluence is the bottom-up consumer-led workspace versus the top-down enterprise-installed wiki. Same job, opposite buyer.","Notion grew bottom-up from individual users into teams and ships a flexible block-based workspace. Confluence ships as part of the Atlassian suite and is installed top-down by IT departments alongside Jira. Indie founders, small teams, and startups almost always pick Notion for flexibility and onboarding; enterprises with existing Atlassian footprints stay on Confluence for SSO, governance, and Jira integration.",,https://www.notion.so/,https://www.atlassian.com/software/confluence,wiki|knowledge-management|bottom-up-vs-top-down|work-os,2026-05-18,https://unlocksaas.com/vs/notion-vs-confluence,https://unlocksaas.com/vs/notion-vs-confluence/md
comparison,calendly-vs-savvycal,Calendly,SavvyCal,Scheduling and meeting booking,Calendly is the category default. SavvyCal is the recipient-respecting redesign for senders who hate sending a one-sided calendar link.,"Calendly invented the modern scheduling category and is the default in B2B. SavvyCal was built by Derrick Reimer specifically to fix the social asymmetry of one-sided Calendly links — its overlay-on-the-recipient's-calendar UX is a deliberate counter-design. For most B2B sales motions Calendly remains the default; for senders who care about how the request feels to the recipient (founders, consultants, customer success), SavvyCal is the considered alternative.",,https://calendly.com/,https://savvycal.com/,scheduling|category-default-vs-craft|b2b|recipient-experience,2026-05-18,https://unlocksaas.com/vs/calendly-vs-savvycal,https://unlocksaas.com/vs/calendly-vs-savvycal/md
comparison,substack-vs-ghost,Substack,Ghost,Newsletter and publishing platforms,"Substack is the hosted creator network with paid newsletters built in. Ghost is the open-source platform you own end-to-end, with no platform tax.","Substack is a managed creator network: zero setup, built-in discovery and recommendations, takes ~10% of paid-subscription revenue. Ghost is an open-source publishing platform you self-host or run on Ghost(Pro), with no revenue cut beyond Stripe fees and full ownership of design, domain, and audience. Writers who want the discovery boost and minimum-friction launch pick Substack; writers who want full control, custom branding, and zero platform tax pick Ghost.",,https://substack.com/,https://ghost.org/,newsletter|publishing|hosted-vs-self-hosted|creator-economy,2026-05-18,https://unlocksaas.com/vs/substack-vs-ghost,https://unlocksaas.com/vs/substack-vs-ghost/md
comparison,airtable-vs-monday,Airtable,Monday.com,Work-OS and no-code data platforms,"Airtable is a flexible database with workflow on top. Monday is a project-management surface with database underneath. Same overlapping space, opposite starting points.","Airtable started as a spreadsheet-database hybrid and grew workflow features around the data layer. Monday started as a project-management board and grew structured data features around the workflow layer. For teams whose primary need is structuring complex data, Airtable wins. For teams whose primary need is coordinating team work with structure layered on, Monday wins. The wrong move is forcing one onto the other's strength.",,https://www.airtable.com/,https://monday.com/,work-os|no-code|database-vs-workflow|different-strengths,2026-05-18,https://unlocksaas.com/vs/airtable-vs-monday,https://unlocksaas.com/vs/airtable-vs-monday/md
comparison,unlock-saas-vs-clickfunnels,Unlock SaaS,ClickFunnels,Funnel and offer tooling,"Unlock SaaS and ClickFunnels both come out of the Brunson framework, but they solve different stages of the same founder journey.","ClickFunnels is the full funnel-builder platform Russell Brunson built — drag-and-drop pages, email, members area, payments — priced for marketers who already know who they sell to. Unlock SaaS is a diagnostic + playbook for post-launch pre-revenue SaaS founders who have shipped a product, posted on launch day, and have a flat Stripe line. The bottleneck Unlock SaaS targets is upstream of any page builder. Indie founders pre-MRR pick Unlock SaaS; teams running an existing funnel that needs more pages pick ClickFunnels.",,https://unlocksaas.com/,https://www.clickfunnels.com/,brunson|funnel-platform|diagnostic|indie-saas|first-party,2026-05-21,https://unlocksaas.com/vs/unlock-saas-vs-clickfunnels,https://unlocksaas.com/vs/unlock-saas-vs-clickfunnels/md
comparison,unlock-saas-vs-shipfast,Unlock SaaS,ShipFast,Indie SaaS launch tooling,"ShipFast and Unlock SaaS both target indie SaaS founders, but ShipFast ships the code and Unlock SaaS ships the conversation that follows launch day.","ShipFast is Marc Lou's Next.js boilerplate ($299 lifetime) that gets a SaaS from zero to deployed in days — auth, payments, emails, SEO, landing page templates all wired. Unlock SaaS is a diagnostic and playbook for the next problem: the SaaS is live, the launch tweet went out, and Stripe is still flat. The two are complementary, not substitutes. Founders pre-ship pick ShipFast; founders post-ship-pre-revenue pick Unlock SaaS; founders mid-cycle often need both.",,https://unlocksaas.com/,https://shipfa.st/,indie-saas|ship-fast|boilerplate|post-launch|first-party,2026-05-21,https://unlocksaas.com/vs/unlock-saas-vs-shipfast,https://unlocksaas.com/vs/unlock-saas-vs-shipfast/md
comparison,unlock-saas-vs-founder-coaching,Unlock SaaS,1-on-1 Founder Coaching,Founder support and coaching,"Unlock SaaS and 1-on-1 founder coaching both target the founder who has shipped and is stuck, but they price and deliver at different orders of magnitude.","1-on-1 founder coaching ($300–$1,500/hr in the indie-SaaS world) is a live human reading your business and pushing back in real time. Unlock SaaS is a productized diagnostic + playbook + Brunson framework chain at $49/mo with a 60-day Stripe-verified guarantee. The honest verdict: coaching wins on context and pushback; Unlock SaaS wins on cost, speed, and code-enforced accountability. Founders pick coaching when the bottleneck is genuinely human judgement on a unique situation; founders pick Unlock SaaS when the bottleneck is the work that the framework already names.",,https://unlocksaas.com/,,founder-coaching|productized-vs-bespoke|indie-saas|guarantee|first-party,2026-05-21,https://unlocksaas.com/vs/unlock-saas-vs-founder-coaching,https://unlocksaas.com/vs/unlock-saas-vs-founder-coaching/md
comparison,clickfunnels-vs-unlocksaas,ClickFunnels,Unlock SaaS,Funnel and sales playbook tools,ClickFunnels builds the funnel before you launch. Unlock SaaS runs the playbook after you launched and nobody paid you yet.,"ClickFunnels ($97–$297/mo) is a drag-and-drop funnel builder: you build pages, add email sequences, host courses. Unlock SaaS ($1 tripwire + $49/mo) is a post-launch playbook: you already shipped, nobody paid, you need the first verified Stripe charge. If your product is not live yet, use ClickFunnels. If it is live and your Stripe is at zero, Unlock SaaS is the tool built for exactly that gap.",,https://www.clickfunnels.com/,https://unlocksaas.com/,funnel-builder|post-launch|brunson-methodology|indie-saas|first-party,2026-05-21,https://unlocksaas.com/vs/clickfunnels-vs-unlocksaas,https://unlocksaas.com/vs/clickfunnels-vs-unlocksaas/md
comparison,shipfast-vs-unlocksaas,ShipFast,Unlock SaaS,Funnel and sales playbook tools,ShipFast ships the product in a week. Unlock SaaS gets the first paying customer after you shipped.,"ShipFast ($199–$299 one-time) is a Next.js boilerplate: Stripe, auth, email, and database wired up so you can launch fast. Unlock SaaS ($1 tripwire + $49/mo) is a post-launch playbook for founders who already shipped — possibly with ShipFast — and still have no paying customers. These products are complementary: ShipFast handles the build, Unlock SaaS handles the sell.",,https://shipfa.st/,https://unlocksaas.com/,nextjs-boilerplate|post-launch|complementary|indie-saas|first-party,2026-05-21,https://unlocksaas.com/vs/shipfast-vs-unlocksaas,https://unlocksaas.com/vs/shipfast-vs-unlocksaas/md
comparison,dotcom-secrets-vs-unlocksaas,DotCom Secrets,Unlock SaaS,Funnel and sales playbook tools,"DotCom Secrets teaches the Brunson methodology. Unlock SaaS runs it, specifically for post-launch solo SaaS founders.","DotCom Secrets (free + shipping or ~$10 on Amazon) is Russell Brunson's foundational book: Hook / Story / Offer, the Value Ladder, Dream 100. The One Funnel Away Challenge (bundled with ClickFunnels at $97/mo) applies the method in a 30-day curriculum. Unlock SaaS ($1 tripwire + $49/mo) is built on top of those frameworks and operationalizes them for solo post-launch SaaS founders specifically — with a Stripe-verified accountability guarantee. Read DotCom Secrets first. Then use Unlock SaaS to run it.",,https://dotcomsecrets.com/,https://unlocksaas.com/,brunson-methodology|dotcom-secrets|post-launch|indie-saas|first-party,2026-05-21,https://unlocksaas.com/vs/dotcom-secrets-vs-unlocksaas,https://unlocksaas.com/vs/dotcom-secrets-vs-unlocksaas/md
alternative,shipfast,ShipFast,,Next.js SaaS boilerplate (codebase),"ShipFast gives you a codebase. Unlock SaaS gives you a customer. Different products, different rungs.",,Marc Lou,https://shipfa.st/,,codebase|saas-boilerplate|for-pre-launch|stripe-included,2026-05-17,https://unlocksaas.com/alternatives-to/shipfast,https://unlocksaas.com/alternatives-to/shipfast/md
alternative,lovable,Lovable,,AI app builder,"Lovable builds the product. Unlock SaaS finds the customer for the product Lovable built. Sequential, not interchangeable.",,lovable.dev,https://lovable.dev/,,ai-builder|no-code|for-pre-launch|ai-tool,2026-05-17,https://unlocksaas.com/alternatives-to/lovable,https://unlocksaas.com/alternatives-to/lovable/md
alternative,one-funnel-away-challenge,One Funnel Away Challenge,,30-day funnel-building information course,"Same lineage, different products. OFA is a 30-day information course. Unlock SaaS is software that runs the same frameworks against your already-shipped SaaS, with a refund tied to your Stripe ledger.",,Russell Brunson,https://onefunnelaway.com/,,funnel-course|info-product|marketing-education|brunson,2026-05-17,https://unlocksaas.com/alternatives-to/one-funnel-away-challenge,https://unlocksaas.com/alternatives-to/one-funnel-away-challenge/md
alternative,starter-story,Starter Story,,Indie-founder case studies and community,Starter Story is a library of founder case studies you read. Unlock SaaS is a playbook you run against your own product. Different shapes.,,Pat Walls,https://www.starterstory.com/,,case-studies|indie-founder-content|marketing-education|community,2026-05-17,https://unlocksaas.com/alternatives-to/starter-story,https://unlocksaas.com/alternatives-to/starter-story/md
alternative,cursor,Cursor,,AI-native code editor,Cursor makes you a faster coder. Unlock SaaS makes you a paid coder. Different jobs.,,Anysphere,https://www.cursor.com/,,ai-builder|developer-tool|for-pre-launch|ai-tool,2026-05-17,https://unlocksaas.com/alternatives-to/cursor,https://unlocksaas.com/alternatives-to/cursor/md
alternative,v0,v0,,AI UI and app generator,v0 generates React UIs from prompts. Unlock SaaS gets paying customers for the UI you generated.,,Vercel,https://v0.app/,,ai-builder|ui-generator|for-pre-launch|ai-tool,2026-05-17,https://unlocksaas.com/alternatives-to/v0,https://unlocksaas.com/alternatives-to/v0/md
alternative,bolt-new,Bolt.new,,AI full-stack app builder,Bolt.new builds the full-stack app in your browser. Unlock SaaS gets the first customer for the app you built.,,StackBlitz,https://bolt.new/,,ai-builder|no-code|for-pre-launch|ai-tool,2026-05-17,https://unlocksaas.com/alternatives-to/bolt-new,https://unlocksaas.com/alternatives-to/bolt-new/md
alternative,indie-hackers,Indie Hackers,,Indie-founder community and content platform,Indie Hackers is where you read about other founders. Unlock SaaS is where you become one. Different shapes.,,Courtland Allen (acquired by Stripe in 2017),https://www.indiehackers.com/,,community|indie-founder-content|marketing-education|case-studies,2026-05-17,https://unlocksaas.com/alternatives-to/indie-hackers,https://unlocksaas.com/alternatives-to/indie-hackers/md
alternative,carrd,Carrd,,Single-page website builder,Carrd is a beautiful single-page site builder. Unlock SaaS gets the first customer for whatever you built — Carrd or otherwise.,,AJ,https://carrd.co/,,website-builder|no-code|for-pre-launch|landing-page,2026-05-17,https://unlocksaas.com/alternatives-to/carrd,https://unlocksaas.com/alternatives-to/carrd/md
alternative,microconf,MicroConf,,Indie SaaS community and content hub,MicroConf is the canonical indie SaaS community. Unlock SaaS is a focused machine. Different shapes of the same job — community vs. specific software.,,Rob Walling,https://microconf.com/,,community|content-hub|indie-saas-canon|complementary,2026-05-17,https://unlocksaas.com/alternatives-to/microconf,https://unlocksaas.com/alternatives-to/microconf/md
alternative,stacking-the-bricks,Stacking the Bricks (30x500),,Indie SaaS curriculum and methodology,"Stacking the Bricks teaches you to find your audience and validate before you build. Unlock SaaS runs the machine after you have already shipped. Same lineage, opposite ends of the timeline.",,Amy Hoy and Alex Hillman,https://stackingthebricks.com/,,curriculum|pre-product|methodology|indie-saas-canon,2026-05-17,https://unlocksaas.com/alternatives-to/stacking-the-bricks,https://unlocksaas.com/alternatives-to/stacking-the-bricks/md
alternative,demand-curve,Demand Curve,,Modern marketing curriculum and growth agency,Demand Curve teaches startup marketing in long-form courses and ships growth-agency work. Unlock SaaS runs the focused machine for the indie SaaS first-customer problem.,,Julian Shapiro and team,https://www.demandcurve.com/,,curriculum|marketing|for-funded-startups|agency,2026-05-17,https://unlocksaas.com/alternatives-to/demand-curve,https://unlocksaas.com/alternatives-to/demand-curve/md
alternative,replit,Replit,,Browser IDE and AI agent platform,"Replit builds and deploys the app in your browser, with an AI agent that can take multi-step actions. Unlock SaaS finds the first paying customer for whatever you built — Replit or otherwise.",,Amjad Masad,https://replit.com/,,ai-app-builder|browser-ide|agent|build-tool,2026-05-17,https://unlocksaas.com/alternatives-to/replit,https://unlocksaas.com/alternatives-to/replit/md
alternative,asana,Asana,,Project management software,"Asana organises your team's work. Unlock SaaS gets your product its first paying customer. Different jobs, different shelves.",,"Asana, Inc.",https://asana.com/,,project-management|team-collaboration|work-os|for-teams,2026-05-18,https://unlocksaas.com/alternatives-to/asana,https://unlocksaas.com/alternatives-to/asana/md
alternative,airtable,Airtable,,Spreadsheet-database hybrid / no-code data platform,Airtable structures the data behind your business. Unlock SaaS turns the product you already shipped into a paying customer. Different layers of the stack.,,"Airtable, Inc.",https://www.airtable.com/,,no-code|database|spreadsheet|work-os,2026-05-18,https://unlocksaas.com/alternatives-to/airtable,https://unlocksaas.com/alternatives-to/airtable/md
alternative,framer,Framer,,Visual web-design and site builder,"Framer builds the page. Unlock SaaS turns the page Framer built into a paying customer. Sequential, not interchangeable.",,Framer B.V.,https://www.framer.com/,,site-builder|no-code|design-tool|landing-page,2026-05-18,https://unlocksaas.com/alternatives-to/framer,https://unlocksaas.com/alternatives-to/framer/md
alternative,substack,Substack,,Newsletter publishing and paid-subscription platform,"Substack helps writers run paid newsletters. Unlock SaaS helps non-engineer founders get a SaaS its first paying customer. Different products, different customer.",,"Substack, Inc.",https://substack.com/,,newsletter|publishing|creator-economy|paid-subscription,2026-05-18,https://unlocksaas.com/alternatives-to/substack,https://unlocksaas.com/alternatives-to/substack/md
alternative,notion,Notion,,"All-in-one workspace (docs, wiki, database, project tracker)","Notion is where your work lives. Unlock SaaS decides which work actually produces a paying customer. Different jobs, different shelves.",,"Notion Labs, Inc.",https://www.notion.so/,,work-os|knowledge-management|docs|no-code,2026-05-18,https://unlocksaas.com/alternatives-to/notion,https://unlocksaas.com/alternatives-to/notion/md
alternative,calendly,Calendly,,Scheduling and meeting-booking software,Calendly books the meeting. Unlock SaaS decides whether the meeting should exist and what to do if no one books it. Different layers of the funnel.,,Calendly LLC,https://calendly.com/,,scheduling|meetings|sales-tool|b2b,2026-05-18,https://unlocksaas.com/alternatives-to/calendly,https://unlocksaas.com/alternatives-to/calendly/md
alternative,clickup,ClickUp,,Project management and work-OS platform,ClickUp gives you a project-management surface that does almost everything. Unlock SaaS narrows the surface to one thing: get a paying customer.,,"ClickUp, Inc.",https://clickup.com/,,project-management|work-os|team-collaboration|for-teams,2026-05-18,https://unlocksaas.com/alternatives-to/clickup,https://unlocksaas.com/alternatives-to/clickup/md
alternative,loom,Loom,,Async video messaging,Loom helps you record and send a video. Unlock SaaS helps you decide whether a video should exist and what the message inside it should be.,,Loom (an Atlassian company),https://www.loom.com/,,async-video|communication|sales-tool|remote-work,2026-05-18,https://unlocksaas.com/alternatives-to/loom,https://unlocksaas.com/alternatives-to/loom/md
alternative,webflow,Webflow,,No-code website builder,"Webflow builds the marketing site. Unlock SaaS finds the customers who visit it. Different tools, different jobs.",,"Webflow, Inc.",https://webflow.com/,,no-code|website-builder|for-pre-launch|design,2026-08-13,https://unlocksaas.com/alternatives-to/webflow,https://unlocksaas.com/alternatives-to/webflow/md
alternative,bubble,Bubble,,No-code web app builder,"Bubble builds the product. Unlock SaaS finds the customer for the product Bubble built. Sequential, not interchangeable.",,"Bubble Group, Inc.",https://bubble.io/,,no-code|app-builder|for-pre-launch|ai-tool,2026-08-13,https://unlocksaas.com/alternatives-to/bubble,https://unlocksaas.com/alternatives-to/bubble/md
alternative,zapier,Zapier,,Automation and integrations platform,Zapier connects your tools. Unlock SaaS connects your product to a customer. Different kinds of plumbing.,,"Zapier, Inc.",https://zapier.com/,,automation|integrations|for-post-launch|operations,2026-08-13,https://unlocksaas.com/alternatives-to/zapier,https://unlocksaas.com/alternatives-to/zapier/md
alternative,skool,Skool,,Community and course platform,Skool hosts a community. Unlock SaaS runs the playbook that gets you customers to put in one. Different layers.,,Sam Ovens,https://www.skool.com/,,community|course-platform|creator-economy|for-post-launch,2026-08-13,https://unlocksaas.com/alternatives-to/skool,https://unlocksaas.com/alternatives-to/skool/md
alternative,gumroad,Gumroad,,Creator commerce and digital-product checkout,"Gumroad sells digital products. Unlock SaaS gets you a SaaS customer. Different products, different checkout.",,"Gumroad, Inc.",https://gumroad.com/,,creator-economy|payments|for-post-launch|digital-products,2026-08-13,https://unlocksaas.com/alternatives-to/gumroad,https://unlocksaas.com/alternatives-to/gumroad/md
alternative,strategic-flow,Strategic Flow,,Email architecture audit service,"Strategic Flow rebuilds the email itself. Unlock SaaS finds the customers who receive it. Different problems, complementary tools.",,"Alex Iliescu (Strategic Flow Tech, Tenerife, Spain)",https://strategicflow.tech/,,email|conversion-audit|for-post-launch|marketing-education,2026-08-15,https://unlocksaas.com/alternatives-to/strategic-flow,https://unlocksaas.com/alternatives-to/strategic-flow/md
alternative,wix,Wix,,Website builder and hosting,"Wix builds the site. Unlock SaaS finds the customers who visit it. Different jobs, different tools.",,Wix.com Ltd.,https://www.wix.com/,,website-builder|no-code|for-pre-launch|design,2026-08-14,https://unlocksaas.com/alternatives-to/wix,https://unlocksaas.com/alternatives-to/wix/md
alternative,shopify,Shopify,,E-commerce platform,Shopify builds the store. Unlock SaaS finds the customers for what the store sells. Different layers.,,Shopify Inc.,https://www.shopify.com/,,ecommerce|payments|for-post-launch|storefront,2026-08-14,https://unlocksaas.com/alternatives-to/shopify,https://unlocksaas.com/alternatives-to/shopify/md
alternative,mailchimp,Mailchimp,,Email marketing and automation,Mailchimp sends email to a list. Unlock SaaS helps you build the offer that gets a list worth emailing.,,Intuit Inc.,https://mailchimp.com/,,email|marketing-automation|for-post-launch|audience,2026-08-14,https://unlocksaas.com/alternatives-to/mailchimp,https://unlocksaas.com/alternatives-to/mailchimp/md
alternative,beehiiv,beehiiv,,Newsletter platform,beehiiv grows a newsletter. Unlock SaaS gets a SaaS product its first customer. Different businesses.,,beehiiv Inc.,https://www.beehiiv.com/,,newsletter|creator-economy|audience|for-post-launch,2026-08-14,https://unlocksaas.com/alternatives-to/beehiiv,https://unlocksaas.com/alternatives-to/beehiiv/md
alternative,kajabi,Kajabi,,Course and creator monetisation platform,Kajabi sells courses and memberships. Unlock SaaS gets a SaaS product its first customer. Different offers.,,Kajabi LLC,https://kajabi.com/,,course-platform|creator-economy|memberships|for-post-launch,2026-08-14,https://unlocksaas.com/alternatives-to/kajabi,https://unlocksaas.com/alternatives-to/kajabi/md
category,payments,Payments and creator monetization,,Payments and creator monetization,"Payment processors, Merchant of Record platforms, and creator monetization tools — the infrastructure that decides whether your customer actually pays.","Payments tooling for indie SaaS spans three categories that share an outcome (collect money) but differ on legal shape: payment processors (Stripe, Square, PayPal), Merchant of Record platforms (Lemon Squeezy, Paddle, Polar), and creator monetization layers (Gumroad, Polar, Beehiiv). The right pick depends on whether you sell globally (MoR helps), whether you sell to consumers (PayPal helps), and whether your audience is technical (Stripe wins on DX).",,,,payments|monetization|infrastructure,2026-07-18,https://unlocksaas.com/category/payments,https://unlocksaas.com/category/payments/md
category,forms,Forms and surveys,,Forms and surveys,"Form builders for SaaS marketing pages, signups, and customer feedback — Tally, Typeform, Google Forms, and the structural pricing fight between them.",Form tools for indie SaaS are a pricing-model fight as much as a feature fight. Typeform anchors the category at premium per-response pricing; Tally rebuilt the same UX with free-forever unlimited submissions; Google Forms is free for Google Workspace teams but utilitarian for public marketing surfaces. The right pick depends on whether your form lives on a public marketing page (Tally wins on aesthetic-plus-pricing) or inside a Google Workspace flow (Google Forms wins on integration).,,,,forms|lead-capture|marketing,2026-07-18,https://unlocksaas.com/category/forms,https://unlocksaas.com/category/forms/md
category,analytics,Privacy analytics,,Privacy analytics,"Web analytics without the cookie banner — Plausible, Fathom, Simple Analytics, and the values fight against Google Analytics.","Privacy analytics is a values-aligned category: cookie-free, GDPR-by-construction, customer-funded analytics that replaces Google Analytics for buyers who reject ad-tech-funded tracking. Plausible and Fathom are the canonical pair; Simple Analytics and Matomo are adjacent options. For most indie SaaS in 2026, the choice is which privacy alternative, not whether to leave Google Analytics — the values trade is what determines the switch.",,,,analytics|privacy|values-aligned,2026-07-18,https://unlocksaas.com/category/analytics,https://unlocksaas.com/category/analytics/md
category,newsletter,Newsletter and creator email,,Newsletter and creator email,"Newsletter platforms for creators and SaaS founders — Beehiiv, Substack, Kit (ConvertKit), and the publication-as-business decision.","Newsletter tools for indie SaaS split on philosophy: Substack is a publication network that takes a revenue share for cross-discovery; Beehiiv is a creator-business platform with ad network and Boost mechanics; Kit (formerly ConvertKit) is an email-marketing platform broader than newsletters. The right pick depends on whether the newsletter IS the business (Beehiiv), is one channel of a creator business (Kit), or rides a network (Substack).",,,,newsletter|creator-tools|monetization,2026-07-18,https://unlocksaas.com/category/newsletter,https://unlocksaas.com/category/newsletter/md
category,scheduling,Scheduling,,Scheduling,"Calendar scheduling tools for sales calls, demos, and customer meetings — Cal.com, Calendly, and the open-source-vs-incumbent choice.","Scheduling tools for indie SaaS are functionally near-identical at the standard use case (round-robin, collective events, integrations). The choice is values-aligned: Cal.com is the open-source challenger with self-host option and generous free tier; Calendly is the closed-SaaS category default with mature integration ecosystem and brand recognition with bookers. For most indie founders, Cal.com is the better default; for enterprise-procured teams, Calendly retains the brand familiarity advantage.",,,,scheduling|sales-tools|calendar,2026-07-18,https://unlocksaas.com/category/scheduling,https://unlocksaas.com/category/scheduling/md
category,email-api,Email APIs and transactional email,,Email APIs and transactional email,"Transactional email infrastructure for SaaS — Resend, Postmark, SendGrid, and the modern-vs-legacy developer-experience axis.","Email API tooling for indie SaaS splits on modernity. Resend is the modern challenger with React Email integration and clean DX; Postmark is the deliverability-first incumbent with longer track record; SendGrid is the legacy enterprise platform. For new indie SaaS in 2026, Resend's DX advantage usually wins; for organizations with deep SendGrid integration or specific compliance needs, the migration cost may not justify the switch.",,,,email|transactional|developer-tools,2026-07-18,https://unlocksaas.com/category/email-api,https://unlocksaas.com/category/email-api/md
category,docs,Developer documentation,,Developer documentation,"Documentation platforms for API and developer-tool companies — Mintlify, GitBook, ReadMe, and the docs-as-marketing decision.","Documentation tools for dev-tool indie SaaS now compete on aesthetic as much as feature set. Mintlify is the modern challenger with the docs aesthetic that defines the category (Anthropic, Cursor, Resend); GitBook is the broader knowledge-platform option; ReadMe serves enterprise API platforms with metering and developer-hub features. For new API docs in 2026, Mintlify is the default; the alternatives serve specific niches.",,,,documentation|developer-tools|api-docs,2026-07-18,https://unlocksaas.com/category/docs,https://unlocksaas.com/category/docs/md
category,testimonials,Testimonial collection,,Testimonial collection,"Tools for collecting and displaying social proof on SaaS marketing surfaces — Senja, Testimonial.to, and the brand-removal-trigger pricing model.",Testimonial tools for indie SaaS solve a universal pain (collecting and displaying video and text testimonials without a custom build) at the same approximate price band. Senja and Testimonial.to are functionally near-identical; the choice is workflow-shape and aesthetic preference. The structural decision matters more than the brand decision: stop building testimonial display yourself and use one of the dedicated tools.,,,,social-proof|testimonials|marketing,2026-07-18,https://unlocksaas.com/category/testimonials,https://unlocksaas.com/category/testimonials/md
category,video,Screen recording and marketing video,,Screen recording and marketing video,"Tools for producing screen-recorded marketing videos and async sales pitches — Screen Studio, Tella, Loom, and the polish-vs-speed tradeoff.","Screen recording tools for indie SaaS split on polish-vs-speed. Loom optimizes for fast async team communication; Tella and Screen Studio optimize for polished marketing video. Screen Studio is the one-time-license desktop tool for solo operators; Tella is the team SaaS with subscription pricing and collaboration features. Most serious indie founders end up using both — Loom for async, one of the polished tools for marketing-page videos.",,,,video|marketing-tools|async-communication,2026-07-18,https://unlocksaas.com/category/video,https://unlocksaas.com/category/video/md
category,workspace,Productivity and notes,,Productivity and notes,"Workspace and knowledge tools for teams and individuals — Notion, Coda, Obsidian, and the team-versus-individual workflow split.","Workspace tools for indie SaaS split on team-versus-individual orientation. Notion is the cloud-first team workspace with databases and real-time collaboration; Coda is the database-first canvas with documents wrapped around it; Obsidian is the local-first knowledge graph for individuals building long-term notes. For team docs and wikis, Notion is the safer default; for ops-heavy teams, Coda earns its complexity; for personal knowledge work, Obsidian's local-first model wins.",,,,workspace|productivity|knowledge-management,2026-07-18,https://unlocksaas.com/category/workspace,https://unlocksaas.com/category/workspace/md
category,project-management,Project management,,Project management,"Issue tracking and project planning for software teams — Linear, Jira, Asana, and the engineering-vs-cross-functional axis.","Project management tools for indie SaaS split on team composition. Linear is the speed-first opinionated issue tracker for engineering teams; Jira is the configurable enterprise default for orgs that inherited it; Asana is the cross-functional task manager for teams that mix engineering with marketing, design, and ops. For all-engineer teams, Linear is the obvious pick; for cross-functional teams, Asana matches the work shape; Jira is rarely the right new choice but often the inherited reality.",,,,project-management|developer-tools|team-tools,2026-07-18,https://unlocksaas.com/category/project-management,https://unlocksaas.com/category/project-management/md
category,design,Design and prototyping,,Design and prototyping,"Design tools for product teams and indie founders — Figma, Sketch, Adobe XD, and the browser-native category winner.","Design tools for indie SaaS effectively settled around 2020. Figma's browser-native multiplayer changed the category permanently; Sketch retains a Mac-only solo-designer niche; Adobe XD is no longer a strategic priority at Adobe. For any new design team in 2026, Figma is the default — viewer-free pricing, plugin ecosystem, dev handoff, and design-systems community all sit with Figma.",,,,design|collaboration|browser-native,2026-07-18,https://unlocksaas.com/category/design,https://unlocksaas.com/category/design/md
category,hosting,Frontend cloud and hosting,,Frontend cloud and hosting,"Modern frontend hosting for SaaS marketing sites and apps — Vercel, Netlify, Cloudflare Pages, and the Next.js-vs-framework-agnostic split.","Frontend hosting for indie SaaS splits on framework focus. Vercel goes deep on Next.js with the strongest DX, AI tooling, and platform services; Netlify stays framework-agnostic with mature breadth; Cloudflare Pages anchors to the global edge network with permissive commercial-use free tier. For Next.js teams, Vercel is the obvious pick; for framework-agnostic or cost-sensitive teams, Netlify or Cloudflare Pages are reasonable alternatives.",,,,hosting|developer-tools|edge-compute,2026-07-18,https://unlocksaas.com/category/hosting,https://unlocksaas.com/category/hosting/md
